metric_id,group,name_en,name_zh,description_zh,description_en,method_types,source_mode,reader_family_id,structured_route_id,ai_fallback_representation,definition_source_kind,definition_source_path,binding_authority,binding_state_label,data_sources,formula_expression,canonical_unit,reported_unit,period_role,entity_or_business_scope,expected_statuses,applicable_sic_ranges,vnext_release_state,legacy_producer_state,limitations_zh
A01,A,Tier 1 capital ratio,一级资本比率,一级资本除以风险加权资产。基线从目标 10-K 的 XBRL 实例读取带 Basel III 标准法与母公司维度的监管资本事实（DIM_XBRL）。,"Tier 1 capital divided by risk-weighted assets. The baseline reads the dimensioned regulatory-capital fact (Basel III standardized approach, parent company) from the target 10-K XBRL instance.",DIRECT_XBRL_FACT,structured_only,financial_statement,accession_xbrl_v1,,MAIN_DETERMINISTIC_CATALOG,catalog/deterministic_metrics.json,active_release_r3,ACTIVE_VNEXT_RELEASE_R3,tier_one_ratio: target 10-K accession XBRL instance [TierOneRiskBasedCapitalToRiskWeightedAssets],tier_one_ratio,pure,pure,current_annual,dimensioned instance facts per required_dimensions,DIM_XBRL_OK | NOT_AVAILABLE_SEC | NOT_EXTRACTED | N_A_STRUCTURAL | PUBLISHED | WITHHELD,6020-6029 financial_institution APPLICABLE,ACTIVE_VNEXT_RELEASE_R3,LEGACY_PRODUCER_CODE_PRESENT,approved concept 与 required_dimensions 使用 JPMorgan 实例中的成员名（jpm:BaselIIIStandardizedMember），其他银行的维度成员可能不同，需在扩展时核对。 | entity 级 companyfacts 可能没有当前可用值，不得用普通资产负债表估算。
A02,A,CET1 ratio,普通股一级资本比率（CET1）,普通股一级资本除以风险加权资产，口径同 A01（Basel III 标准法、母公司维度）。,"Common Equity Tier 1 capital divided by risk-weighted assets, same Basel III standardized parent-company scope as A01.",DIRECT_XBRL_FACT,structured_only,financial_statement,accession_xbrl_v1,,MAIN_DETERMINISTIC_CATALOG,catalog/deterministic_metrics.json,active_release_r3,ACTIVE_VNEXT_RELEASE_R3,cet1_ratio: target 10-K accession XBRL instance [CommonEquityTier1CapitaltoRiskWeightedAssets],cet1_ratio,pure,pure,current_annual,dimensioned instance facts per required_dimensions,DIM_XBRL_OK | NOT_AVAILABLE_SEC | NOT_EXTRACTED | N_A_STRUCTURAL | PUBLISHED | WITHHELD,6020-6029 financial_institution APPLICABLE,ACTIVE_VNEXT_RELEASE_R3,LEGACY_PRODUCER_CODE_PRESENT,必须注明 Basel 口径（standardized / advanced）；维度成员名同 A01 的扩展限制。
A03,A,Liquidity coverage ratio,流动性覆盖率（LCR）,优质流动性资产除以未来 30 天预计净现金流出。不是标准 companyfacts 事实；由 AI 读取 MD&A 流动性/监管披露表格并给出精确单元定位，firm 平均口径优先，银行子公司与期末口径作为竞争性声明留待复核。,"High-quality liquid assets divided by projected 30-day net cash outflows. Not a standard companyfacts fact; an AI table reader proposes exact cell locators from MD&A liquidity/regulatory tables, the firm-average scope is preferred and bank-subsidiary or period-end figures remain competing claims for review.",AI_TABLE_READ,ai_table,financial_statement,,table,MAIN_STRUCTURED_SPEC,catalog/r4_v2/A03_liquidity_coverage_ratio.md,r4_offline_v3,R4_OFFLINE_PLAN_NOT_ACTIVE,table_claim: reviewed table read from the selected disclosure table (disclosure_group=financial_statement) [],,ratio,percent,current_fiscal_year_table_claim,"{""aggregation"": ""average"", ""entity_scope"": ""firm""}",MDA_OK | NOT_EXTRACTED | NOT_AVAILABLE_SEC | N_A_STRUCTURAL | PUBLISHED | WITHHELD,6020-6029 financial_institution APPLICABLE,R4_OFFLINE_PLAN_NOT_ACTIVE,LEGACY_PRODUCER_CODE_PRESENT,reported unit 为 percent，canonical 为 ratio；换算口径必须在 notes 中说明。 | R4 后继 Spec 只在离线计划中绑定，未进入 active 发布。
A04,A,Net interest margin,净息差（NIM）,净利息收入除以平均生息资产。来自 MD&A 平均余额表，必须锚定 managed basis 文字；若使用净利息收入/平均总资产的 proxy，必须标注为近似。,Net interest income divided by average interest-earning assets. Read from the MD&A average-balance table anchored to the managed-basis literal; a net-interest-income / average-total-assets proxy must be labelled approximate.,AI_TABLE_READ,ai_table,financial_statement,,table,MAIN_STRUCTURED_SPEC,catalog/r4_v2/A04_net_interest_margin.md,r4_offline_v3,R4_OFFLINE_PLAN_NOT_ACTIVE,table_claim: reviewed table read from the selected disclosure table (disclosure_group=financial_statement) [],,ratio,percent,current_fiscal_year_table_claim,"{""basis"": ""managed_basis""}",MDA_OK | OK_APPROX | NOT_EXTRACTED | N_A_STRUCTURAL | PUBLISHED | WITHHELD,6020-6029 financial_institution APPLICABLE,R4_OFFLINE_PLAN_NOT_ACTIVE,LEGACY_PRODUCER_CODE_PRESENT,方向性互证：NIM 通常大于净利息收入/平均总资产。 | R4 后继 Spec 只在离线计划中绑定，未进入 active 发布。
A05,A,ROA,总资产收益率（ROA）,净利润除以平均总资产，平均总资产为本年末与上年末 Assets 的算术平均。,"Net income divided by average total assets, where the average is the arithmetic mean of current and prior period-end Assets.",XBRL_FORMULA,structured_only,financial_statement,companyfacts_v1,,MAIN_DETERMINISTIC_CATALOG,catalog/deterministic_metrics.json,active_release_r3,ACTIVE_VNEXT_RELEASE_R3,"net_income: SEC companyfacts API (entity-level standard taxonomy facts) [NetIncomeLoss, ProfitLoss, NetIncomeLossAvailableToCommonStockholdersBasic] | assets_current: SEC companyfacts API (entity-level standard taxonomy facts) [Assets] | assets_prior: SEC companyfacts API (entity-level standard taxonomy facts) [Assets]",net_income / ((assets_current + assets_prior) / 2),ratio,ratio,current_annual,consolidated registrant (undimensioned facts),OK | NOT_AVAILABLE_SEC | N_A_STRUCTURAL | PUBLISHED | WITHHELD,6020-6029 financial_institution APPLICABLE,ACTIVE_VNEXT_RELEASE_R3,LEGACY_PRODUCER_CODE_PRESENT,净利润候选链含 ProfitLoss，可能包含非控制权益。
A06,A,ROE,净资产收益率（ROE）,净利润除以平均股东权益（本年末与上年末 StockholdersEquity 的算术平均）。,Net income divided by average shareholders' equity (mean of current and prior period-end StockholdersEquity).,XBRL_FORMULA,structured_only,financial_statement,companyfacts_v1,,MAIN_DETERMINISTIC_CATALOG,catalog/deterministic_metrics.json,active_release_r3,ACTIVE_VNEXT_RELEASE_R3,"net_income: SEC companyfacts API (entity-level standard taxonomy facts) [NetIncomeLoss, ProfitLoss, NetIncomeLossAvailableToCommonStockholdersBasic] | equity_current: SEC companyfacts API (entity-level standard taxonomy facts) [StockholdersEquity] | equity_prior: SEC companyfacts API (entity-level standard taxonomy facts) [StockholdersEquity]",net_income / ((equity_current + equity_prior) / 2),ratio,ratio,current_annual,consolidated registrant (undimensioned facts),OK | NOT_AVAILABLE_SEC | N_A_STRUCTURAL | PUBLISHED | WITHHELD,6020-6029 financial_institution APPLICABLE,ACTIVE_VNEXT_RELEASE_R3,LEGACY_PRODUCER_CODE_PRESENT,定义文档允许同时报告 common-shareholder 与 total equity 口径；确定性目录只实现 StockholdersEquity 分母。
A07,A,Net income trends,净利润趋势（同比差额）,本年净利润减上年净利润；单年任务中的“趋势”定义为 YoY pair 的差值。,Current-year net income minus prior-year net income; in the single-year task the trend is the YoY pair difference.,XBRL_FORMULA,structured_only,financial_statement,companyfacts_v1,,MAIN_DETERMINISTIC_CATALOG,catalog/deterministic_metrics.json,active_release_r3,ACTIVE_VNEXT_RELEASE_R3,"net_income_current: SEC companyfacts API (entity-level standard taxonomy facts) [NetIncomeLoss, ProfitLoss, NetIncomeLossAvailableToCommonStockholdersBasic] | net_income_prior: SEC companyfacts API (entity-level standard taxonomy facts) [NetIncomeLoss, ProfitLoss, NetIncomeLossAvailableToCommonStockholdersBasic]",net_income_current - net_income_prior,USD,USD,current_annual,consolidated registrant (undimensioned facts),OK | NOT_AVAILABLE_SEC | N_A_STRUCTURAL | PUBLISHED | WITHHELD,6020-6029 financial_institution APPLICABLE,ACTIVE_VNEXT_RELEASE_R3,LEGACY_PRODUCER_CODE_PRESENT,输出为 USD 差额，不是百分比变化。
A08,A,Fee income vs interest income,非利息收入相对净利息收入,非利息收入除以净利息收入。按定义正文执行，不是纯手续费收入；noninterest income 可能包含交易、投行、资产管理等收入。,"Noninterest income divided by net interest income. Executed per the definition text; it is not pure fee income, since noninterest income may include trading, investment-banking and asset-management revenue.",XBRL_FORMULA,structured_only,financial_statement,companyfacts_v1,,MAIN_DETERMINISTIC_CATALOG,catalog/deterministic_metrics.json,active_release_r3,ACTIVE_VNEXT_RELEASE_R3,noninterest_income: SEC companyfacts API (entity-level standard taxonomy facts) [NoninterestIncome] | net_interest_income: SEC companyfacts API (entity-level standard taxonomy facts) [InterestIncomeExpenseNet],noninterest_income / net_interest_income,ratio,ratio,current_annual,consolidated registrant (undimensioned facts),OK | MDA_OK | NEEDS_REVIEW | N_A_STRUCTURAL | PUBLISHED | WITHHELD,6020-6029 financial_institution APPLICABLE,ACTIVE_VNEXT_RELEASE_R3,LEGACY_PRODUCER_CODE_PRESENT,名称与定义存在张力，notes 必须说明。
A09,A,Non-performing loan ratio,不良贷款率（NPL ratio）,不良/非应计贷款除以贷款总额。结构化来源（accession XBRL）优先；仅在结构化来源歧义时才允许 firmwide 表格回退，表格任务不绕过结构化优先路线。,Nonaccrual / non-performing loans divided by total loans. Structured accession XBRL first; the firmwide table contract is only the declared fallback on structured-source ambiguity and never bypasses the structured-first route.,AI_TABLE_READ_FALLBACK,structured_first_ai_fallback,financial_statement,accession_xbrl_v1,table,MAIN_STRUCTURED_SPEC,catalog/r4_v2/A09_nonperforming_loan_ratio.md,r4_offline_v3,R4_OFFLINE_PLAN_NOT_ACTIVE,"structured_first_route: SourceStrategy structured route accession_xbrl_v1 (XBRL instance facts of the target accession); per-metric concepts and dimensions are bound by the selected definition, not by the route [] | table_claim: reviewed table read from the selected disclosure table (disclosure_group=financial_statement) []",,ratio,ratio,current_fiscal_year_table_claim,"{""loan_population"": ""firmwide""}",OK | MDA_OK | NOT_EXTRACTED | N_A_STRUCTURAL | PUBLISHED | WITHHELD,6020-6029 financial_institution APPLICABLE,R4_OFFLINE_PLAN_NOT_ACTIVE,LEGACY_PRODUCER_CODE_PRESENT,贷款总额概念须从公司 concept inventory 确认，不得硬编码。 | R4 后继 Spec 只在离线计划中绑定，未进入 active 发布。
A10,A,Loan loss reserves,贷款损失准备率,"信用损失准备除以扣除准备前的贷款余额（retained loans, before allowance），排除证券类信用损失准备。","Allowance for credit losses divided by loans before allowance (retained loans), excluding securities-related credit-loss allowances.",XBRL_FORMULA,structured_only,financial_statement,companyfacts_v1,,MAIN_DETERMINISTIC_CATALOG,catalog/deterministic_metrics.json,active_release_r3,ACTIVE_VNEXT_RELEASE_R3,allowance: SEC companyfacts API (entity-level standard taxonomy facts) [FinancingReceivableAllowanceForCreditLossExcludingAccruedInterest] | loans_before_allowance: SEC companyfacts API (entity-level standard taxonomy facts) [FinancingReceivableExcludingAccruedInterestBeforeAllowanceForCreditLoss],allowance / loans_before_allowance,ratio,ratio,current_instant,consolidated registrant (undimensioned facts),OK | NOT_AVAILABLE_SEC | N_A_STRUCTURAL | PUBLISHED | WITHHELD,6020-6029 financial_institution APPLICABLE,ACTIVE_VNEXT_RELEASE_R3,LEGACY_PRODUCER_CODE_PRESENT,更宽的 loans 分母、held-for-sale、公允价值或 securities allowance 只能作为 evidence candidate，不得混入主值。
A11,A,Assets under management,资产管理规模（AUM）,公司披露的 total assets under management；非 GAAP 标准事实，由 AI 读取 MD&A/分部表格并要求精确 total-AUM 字面量，client assets / custody 只是竞争性证据。,"Disclosed total assets under management; not a GAAP fact, read by the AI table reader from MD&A / segment tables with an exact total-AUM literal, while client assets / custody remain competing evidence.",AI_TABLE_READ,ai_table,financial_statement,,table,MAIN_STRUCTURED_SPEC,catalog/r4_v2/A11_assets_under_management.md,r4_offline_v3,R4_OFFLINE_PLAN_NOT_ACTIVE,table_claim: reviewed table read from the selected disclosure table (disclosure_group=financial_statement) [],,USD,USD,current_fiscal_year_table_claim,"{""asset_scope"": ""total_assets_under_management""}",MDA_OK | NOT_EXTRACTED | NOT_AVAILABLE_SEC | N_A_STRUCTURAL | PUBLISHED | WITHHELD,6020-6029 financial_institution APPLICABLE,R4_OFFLINE_PLAN_NOT_ACTIVE,LEGACY_PRODUCER_CODE_PRESENT,必须保存 raw_header / raw_row 并注明金额单位与缩放。 | R4 后继 Spec 只在离线计划中绑定，未进入 active 发布。
A12,A,Trading exposure,交易风险暴露（VaR）,Item 7A / MD&A 市场风险表中的 VaR。合同接受声明的置信度与持有期枚举组合，legacy 默认为 95% 置信度、一日持有期；R4 后继版本要求同源文本片段证明该组合。,"Value-at-risk from Item 7A / MD&A market-risk tables. The contract accepts declared confidence/holding-period enum combinations; the legacy default is 95% confidence and one-day holding, and the R4 successor requires same-source text spans to prove that combination.",AI_TABLE_READ,ai_table,financial_statement,,table,MAIN_STRUCTURED_SPEC,catalog/r4_v2/A12_trading_exposure.md,r4_offline_v3,R4_OFFLINE_PLAN_NOT_ACTIVE,table_claim: reviewed table read from the selected disclosure table (disclosure_group=financial_statement) [],,USD,USD,current_fiscal_year_table_claim,"{""confidence_level"": ""ninety_five_percent"", ""holding_period"": ""one_day""}",MDA_OK | NOT_EXTRACTED | N_A_STRUCTURAL | PUBLISHED | WITHHELD,6020-6029 financial_institution APPLICABLE,R4_OFFLINE_PLAN_NOT_ACTIVE,LEGACY_PRODUCER_CODE_PRESENT,regulatory VaR 与最大值属于禁止混淆项。 | R4 后继 Spec 只在离线计划中绑定，未进入 active 发布。
A13,A,International net revenue,地区暴露（国际净收入）,定义文档为“收入、资产或风险暴露按地区拆分”；R4 后继 Spec 把它收窄为合并口径的全财年国际/非美国净收入（USD，不是净利润）。结构化 geographic 维度事实优先，仅在结构化来源歧义时允许 international 表格回退。,"The definition doc says revenue, assets or exposure split by geography; the R4 successor Spec narrows it to consolidated full-fiscal-year international / non-US net revenue in USD (explicitly not net income). Structured geographic dimension facts first; the international table fallback only on structured-source ambiguity.",AI_TABLE_READ_FALLBACK,structured_first_ai_fallback,financial_statement,accession_xbrl_v1,table,MAIN_STRUCTURED_SPEC,catalog/r4_v2/A13_geographic_exposure.md,r4_offline_v3,R4_OFFLINE_PLAN_NOT_ACTIVE,"structured_first_route: SourceStrategy structured route accession_xbrl_v1 (XBRL instance facts of the target accession); per-metric concepts and dimensions are bound by the selected definition, not by the route [] | table_claim: reviewed table read from the selected disclosure table (disclosure_group=financial_statement) []",,USD,USD,current_fiscal_year_table_claim,"{""geography_scope"": ""international""}",OK | MDA_OK | NOT_EXTRACTED | N_A_STRUCTURAL | PUBLISHED | WITHHELD,6020-6029 financial_institution APPLICABLE,R4_OFFLINE_PLAN_NOT_ACTIVE,LEGACY_PRODUCER_CODE_PRESENT,Issue #15 版本名称为 Geographic exposure，R4 版本名称为 International net revenue；两者语义不同，本表以 R4 绑定版本为主并保留历史变体。 | 未声明的 geography 字面量需 HUMAN 复核。
B01,B,Revenue,营业收入,财年收入。按候选概念链从 companyfacts 选择唯一事实，保留所选事实的 reported unit（不换汇）。,Fiscal-year revenue. Selects exactly one companyfacts fact by the approved concept chain and preserves the selected fact's reported unit (no currency conversion).,DIRECT_XBRL_FACT,structured_only,financial_statement,companyfacts_v1,,MAIN_STRUCTURED_SPEC,catalog/metrics/B01_revenue.md,active_release_r3,ACTIVE_VNEXT_RELEASE_R3,"revenue: SEC companyfacts annual facts selected by legacy_companyfacts_v1 (10-K form prefix, fiscal-year target period, target accession priority, filed/accession/unit tie-break) [us-gaap:RevenueFromContractWithCustomerExcludingAssessedTax, us-gaap:Revenues, us-gaap:SalesRevenueNet, us-gaap:RevenueFromContractWithCustomerIncludingAssessedTax]",revenue,USD,USD,current_annual,,OK | NOT_AVAILABLE_SEC | N_A_STRUCTURAL | PUBLISHED | WITHHELD,2830-2839 pharma APPLICABLE | 3670-3679 manufacturing APPLICABLE | 3710-3719 manufacturing APPLICABLE | 4510-4519 airline APPLICABLE | 4810-4819 telecom APPLICABLE | 4830-4839 media APPLICABLE | 5310-5319 retail APPLICABLE | 7010-7019 lodging APPLICABLE | 7370-7379 subscription_or_contract_revenue APPLICABLE,ACTIVE_VNEXT_RELEASE_R3,LEGACY_PRODUCER_RETIRED_FAIL_CLOSED,legacy_companyfacts_v1 选择语义：目标期间、10-K/FY、目标 accession 优先、filed/accession/unit tie-break；歧义为 AMBIGUOUS_CANDIDATE。
B02,B,Revenue YoY growth,收入同比增长率,(本年收入 − 上年收入) ÷ 上年收入。主体不可比（successor/predecessor 合并年）时为 NOT_MEANINGFUL。,(Current revenue − prior revenue) ÷ prior revenue. NOT_MEANINGFUL when the entity is not comparable (successor/predecessor years).,XBRL_FORMULA,structured_only,financial_statement,companyfacts_v1,,MAIN_DETERMINISTIC_CATALOG,catalog/deterministic_metrics.json,active_release_r3,ACTIVE_VNEXT_RELEASE_R3,"revenue_current: SEC companyfacts API (entity-level standard taxonomy facts) [RevenueFromContractWithCustomerExcludingAssessedTax, Revenues, SalesRevenueNet, RevenueFromContractWithCustomerIncludingAssessedTax] | revenue_prior: SEC companyfacts API (entity-level standard taxonomy facts) [RevenueFromContractWithCustomerExcludingAssessedTax, Revenues, SalesRevenueNet, RevenueFromContractWithCustomerIncludingAssessedTax]",(revenue_current - revenue_prior) / revenue_prior,ratio,ratio,current_annual,consolidated registrant (undimensioned facts),OK | NOT_MEANINGFUL | NOT_AVAILABLE_SEC | N_A_STRUCTURAL | PUBLISHED | WITHHELD,2830-2839 pharma APPLICABLE | 3670-3679 manufacturing APPLICABLE | 3710-3719 manufacturing APPLICABLE | 4510-4519 airline APPLICABLE | 4810-4819 telecom APPLICABLE | 4830-4839 media APPLICABLE | 5310-5319 retail APPLICABLE | 7010-7019 lodging APPLICABLE | 7370-7379 subscription_or_contract_revenue APPLICABLE,ACTIVE_VNEXT_RELEASE_R3,LEGACY_PRODUCER_CODE_PRESENT,continuity_policy=REQUIRE_CONTINUOUS。
B03,B,EBITDA margin,EBITDA 利润率（GAAP EBITDA proxy）,(营业利润 + 折旧摊销) ÷ 收入。收入复用 B01 的唯一观测；营业利润优先 OperatingIncomeLoss，缺失时以税前持续经营利润减合计非营业损益重建并用 Revenues − CostsAndExpenses 交叉验证（容差 1%，结果 OK_APPROX）；折旧摊销优先合并概念链，全部不可得时才允许 Depreciation + AmortizationOfIntangibleAssets。不加回减值。,"(Operating income + depreciation and amortization) ÷ revenue. Revenue reuses the single B01 observation; operating income prefers OperatingIncomeLoss and otherwise is reconstructed as pretax continuing income minus aggregate nonoperating income/expense, cross-checked against Revenues − CostsAndExpenses at 1% tolerance (OK_APPROX); D&A prefers the combined concept chain and only falls back to Depreciation + AmortizationOfIntangibleAssets when the whole chain is unavailable. Impairment is not added back.",XBRL_FORMULA,structured_only,financial_statement,companyfacts_v1,,MAIN_STRUCTURED_SPEC,catalog/metrics/B03_ebitda_margin.md,active_release_r3,ACTIVE_VNEXT_RELEASE_R3,"revenue: verified observation reused from metric B01 [] | operating_income: SEC companyfacts annual facts selected by legacy_companyfacts_v1 (10-K form prefix, fiscal-year target period, target accession priority, filed/accession/unit tie-break) [us-gaap:OperatingIncomeLoss] | operating_income: SEC companyfacts annual facts selected by legacy_companyfacts_v1 (10-K form prefix, fiscal-year target period, target accession priority, filed/accession/unit tie-break) [us-gaap:IncomeLossFromContinuingOperationsBeforeIncomeTaxesExtraordinaryItemsNoncontrollingInterest, us-gaap:IncomeLossFromContinuingOperationsBeforeIncomeTaxesMinorityInterestAndIncomeLossFromEquityMethodInvestments, us-gaap:NonoperatingIncomeExpense, us-gaap:OtherNonoperatingIncomeExpense] | depreciation_and_amortization: SEC companyfacts annual facts selected by legacy_companyfacts_v1 (10-K form prefix, fiscal-year target period, target accession priority, filed/accession/unit tie-break) [us-gaap:DepreciationDepletionAndAmortization, us-gaap:DepreciationAmortizationAndAccretionNet, us-gaap:DepreciationAndAmortization] | depreciation_and_amortization: SEC companyfacts annual facts selected by legacy_companyfacts_v1 (10-K form prefix, fiscal-year target period, target accession priority, filed/accession/unit tie-break) [us-gaap:AmortizationOfIntangibleAssets, us-gaap:Depreciation]",((operating_income + depreciation_and_amortization) / revenue),ratio,ratio,current_annual,,OK | OK_APPROX | NOT_MEANINGFUL | NOT_AVAILABLE_SEC | N_A_STRUCTURAL | PUBLISHED | WITHHELD,2830-2839 pharma APPLICABLE | 3670-3679 manufacturing APPLICABLE | 3710-3719 manufacturing APPLICABLE | 4510-4519 airline APPLICABLE | 4810-4819 telecom APPLICABLE | 4830-4839 media APPLICABLE | 5310-5319 retail APPLICABLE | 7010-7019 lodging APPLICABLE | 7370-7379 subscription_or_contract_revenue APPLICABLE,ACTIVE_VNEXT_RELEASE_R3,LEGACY_PRODUCER_RETIRED_FAIL_CLOSED,顶层 Revenue/OI/D&A 必须同 accession、同期间、同主体、兼容单位且年度时长 300–400 天，否则 WITHHELD。 | 收入为零时保留可见结果行：PUBLISHED / NOT_MEANINGFUL / DENOMINATOR_ZERO。
B04,B,Net income,净利润,财年净利润，候选链 NetIncomeLoss → ProfitLoss → NetIncomeLossAvailableToCommonStockholdersBasic；使用 ProfitLoss 时需标注可能含非控制权益。,Fiscal-year net income via NetIncomeLoss → ProfitLoss → NetIncomeLossAvailableToCommonStockholdersBasic; a ProfitLoss hit must be labelled as possibly including non-controlling interests.,DIRECT_XBRL_FACT,structured_only,financial_statement,companyfacts_v1,,MAIN_DETERMINISTIC_CATALOG,catalog/deterministic_metrics.json,active_release_r3,ACTIVE_VNEXT_RELEASE_R3,"net_income: SEC companyfacts API (entity-level standard taxonomy facts) [NetIncomeLoss, ProfitLoss, NetIncomeLossAvailableToCommonStockholdersBasic]",net_income,USD,USD,current_annual,consolidated registrant (undimensioned facts),OK | NOT_MEANINGFUL | NOT_AVAILABLE_SEC | N_A_STRUCTURAL | PUBLISHED | WITHHELD,2830-2839 pharma APPLICABLE | 3670-3679 manufacturing APPLICABLE | 3710-3719 manufacturing APPLICABLE | 4510-4519 airline APPLICABLE | 4810-4819 telecom APPLICABLE | 4830-4839 media APPLICABLE | 5310-5319 retail APPLICABLE | 7010-7019 lodging APPLICABLE | 7370-7379 subscription_or_contract_revenue APPLICABLE,ACTIVE_VNEXT_RELEASE_R3,LEGACY_PRODUCER_CODE_PRESENT,continuity_policy=REQUIRE_CONTINUOUS：successor stub period 为 NOT_MEANINGFUL。
B05,B,Free cash flow,自由现金流,经营活动现金流减资本支出；资本支出候选链 PaymentsToAcquirePropertyPlantAndEquipment → PaymentsToAcquireProductiveAssets。,"Operating cash flow minus capital expenditures, with capex via PaymentsToAcquirePropertyPlantAndEquipment → PaymentsToAcquireProductiveAssets.",XBRL_FORMULA,structured_only,financial_statement,companyfacts_v1,,MAIN_DETERMINISTIC_CATALOG,catalog/deterministic_metrics.json,active_release_r3,ACTIVE_VNEXT_RELEASE_R3,"operating_cash_flow: SEC companyfacts API (entity-level standard taxonomy facts) [NetCashProvidedByUsedInOperatingActivities] | capital_expenditures: SEC companyfacts API (entity-level standard taxonomy facts) [PaymentsToAcquirePropertyPlantAndEquipment, PaymentsToAcquireProductiveAssets]",operating_cash_flow - capital_expenditures,USD,USD,current_annual,consolidated registrant (undimensioned facts),OK | NOT_MEANINGFUL | NOT_AVAILABLE_SEC | N_A_STRUCTURAL | PUBLISHED | WITHHELD,2830-2839 pharma APPLICABLE | 3670-3679 manufacturing APPLICABLE | 3710-3719 manufacturing APPLICABLE | 4510-4519 airline APPLICABLE | 4810-4819 telecom APPLICABLE | 4830-4839 media APPLICABLE | 5310-5319 retail APPLICABLE | 7010-7019 lodging APPLICABLE | 7370-7379 subscription_or_contract_revenue APPLICABLE,ACTIVE_VNEXT_RELEASE_R3,LEGACY_PRODUCER_CODE_PRESENT,continuity_policy=REQUIRE_CONTINUOUS。
B06,B,Debt-to-equity,债务权益比,总债务除以股东权益。R5 结构化主路径按定义的融资债务集合（已确认借款、债券与融资租赁的期末账面金额，互斥类别只计一次）逐层 choose_first 求 total debt，分母为 StockholdersEquity 且必须为正；结构化来源歧义时才进入 consolidated 口径的表格回退任务。,"Total debt divided by shareholders' equity. The R5 structured primary route resolves total debt through ordered choose_first branches over the defined financing-debt set (period-end carrying amounts of recognized borrowings, bonds and finance leases, disjoint classes counted once); the denominator is StockholdersEquity and must be positive; the consolidated-scope table task is only the fallback on structured-source ambiguity.",XBRL_FORMULA | AI_TABLE_READ_FALLBACK,structured_first_ai_fallback,financial_statement,companyfacts_v1,table,MAIN_STRUCTURED_SPEC,catalog/r5/B06_structured.md,r5_b06_structured_v1,R5_STRUCTURED_DRAFT_NOT_AUTHORIZED,"debt: structured XBRL facts selected per the Spec's own roles and guards (registry structured route companyfacts_v1) [us-gaap:DebtAndCapitalLeaseObligations] | debt: structured XBRL facts selected per the Spec's own roles and guards (registry structured route companyfacts_v1) [us-gaap:DeferredFinanceCostsGross, us-gaap:LongTermDebtAndCapitalLeaseObligationsIncludingCurrentMaturities] | debt: structured XBRL facts selected per the Spec's own roles and guards (registry structured route companyfacts_v1) [us-gaap:DebtInstrumentUnamortizedDiscountPremiumNet, us-gaap:DeferredFinanceCostsNet, us-gaap:LongTermDebtAndCapitalLeaseObligationsIncludingCurrentMaturities] | debt: structured XBRL facts selected per the Spec's own roles and guards (registry structured route companyfacts_v1) [us-gaap:LongTermDebtCurrent, us-gaap:LongTermDebtNoncurrent] | debt: structured XBRL facts selected per the Spec's own roles and guards (registry structured route companyfacts_v1) [us-gaap:DebtCurrent, us-gaap:LongTermDebtNoncurrent] | debt: structured XBRL facts selected per the Spec's own roles and guards (registry structured route companyfacts_v1) [us-gaap:FinanceLeaseLiability, us-gaap:LongTermDebt] | debt: structured XBRL facts selected per the Spec's own roles and guards (registry structured route companyfacts_v1) [m:LongTermDebtGrossIncludingCurrentMaturities, us-gaap:DebtInstrumentUnamortizedDiscountPremiumAndDebtIssuanceCostsNet, us-gaap:DebtInstrumentUnamortizedPremiumNoncurrent, us-gaap:FinanceLeaseLiability] | equity: structured XBRL facts selected per the Spec's own roles and guards (registry structured route companyfacts_v1) [us-gaap:StockholdersEquity]",(debt / equity),ratio,ratio,current_instant,"{""entity_scope"": ""consolidated""}",OK | OK_APPROX | NOT_MEANINGFUL | NEEDS_REVIEW | NOT_AVAILABLE_SEC | N_A_STRUCTURAL | PUBLISHED | WITHHELD,2830-2839 pharma APPLICABLE | 3670-3679 manufacturing APPLICABLE | 3710-3719 manufacturing APPLICABLE | 4510-4519 airline APPLICABLE | 4810-4819 telecom APPLICABLE | 4830-4839 media APPLICABLE | 5310-5319 retail APPLICABLE | 7010-7019 lodging APPLICABLE | 7370-7379 subscription_or_contract_revenue APPLICABLE,R5_STRUCTURED_DRAFT_NOT_AUTHORIZED,LEGACY_PRODUCER_CODE_PRESENT,股东权益 ≤ 0 时主比率不输出数值（NOT_MEANINGFUL / NEEDS_REVIEW）。 | captive finance 维度（FordCreditMember 等）触发范围复核；银行与工业范围分别限定。 | R5 结构化 Spec 已合入 main 但 production_authorized=false，草案发布计划为 PENDING_FINAL_REVIEW；PR #43 上还有更多未合并的 B06 后继版本。 | 定义文档中的三层 resolver 描述（Tier 1/2/3）是 legacy 口径；R5 Spec 是当前绑定的可执行口径。
B07,B,Interest coverage ratio,利息保障倍数,营业利润除以利息费用；营业利润缺失时以税前持续经营利润减合计非营业损益重建（APPROX）。营业利润 ≤ 0 时 NOT_MEANINGFUL。,Operating income divided by interest expense; when operating income is missing it is reconstructed as pretax continuing income minus aggregate nonoperating income/expense (APPROX). NOT_MEANINGFUL when operating income ≤ 0.,XBRL_FORMULA,structured_only,financial_statement,companyfacts_v1,,MAIN_DETERMINISTIC_CATALOG,catalog/deterministic_metrics.json,active_release_r3,ACTIVE_VNEXT_RELEASE_R3,"operating_income: SEC companyfacts API (entity-level standard taxonomy facts) [OperatingIncomeLoss] | interest_expense: SEC companyfacts API (entity-level standard taxonomy facts) [InterestExpense, InterestExpenseNonoperating, InterestExpenseDebt] | pretax_income: SEC companyfacts API (entity-level standard taxonomy facts) [IncomeLossFromContinuingOperationsBeforeIncomeTaxesExtraordinaryItemsNoncontrollingInterest, IncomeLossFromContinuingOperationsBeforeIncomeTaxesMinorityInterestAndIncomeLossFromEquityMethodInvestments] | aggregate_nonoperating: SEC companyfacts API (entity-level standard taxonomy facts) [NonoperatingIncomeExpense, OtherNonoperatingIncomeExpense] | interest_expense: SEC companyfacts API (entity-level standard taxonomy facts) [InterestExpense, InterestExpenseNonoperating, InterestExpenseDebt]",operating_income / interest_expense,ratio,ratio,current_annual,consolidated registrant (undimensioned facts),OK | OK_APPROX | NOT_MEANINGFUL | NOT_AVAILABLE_SEC | N_A_STRUCTURAL | PUBLISHED | WITHHELD,2830-2839 pharma APPLICABLE | 3670-3679 manufacturing APPLICABLE | 3710-3719 manufacturing APPLICABLE | 4510-4519 airline APPLICABLE | 4810-4819 telecom APPLICABLE | 4830-4839 media APPLICABLE | 5310-5319 retail APPLICABLE | 7010-7019 lodging APPLICABLE | 7370-7379 subscription_or_contract_revenue APPLICABLE,ACTIVE_VNEXT_RELEASE_R3,LEGACY_PRODUCER_CODE_PRESENT,利息费用候选链 InterestExpense → InterestExpenseNonoperating → InterestExpenseDebt。
B08,B,Current ratio,流动比率,流动资产除以流动负债（AssetsCurrent / LiabilitiesCurrent），期末时点值。银行不适用。,Current assets divided by current liabilities (AssetsCurrent / LiabilitiesCurrent) at period end. Not applicable to banks.,XBRL_FORMULA,structured_only,financial_statement,companyfacts_v1,,MAIN_DETERMINISTIC_CATALOG,catalog/deterministic_metrics.json,active_release_r3,ACTIVE_VNEXT_RELEASE_R3,current_assets: SEC companyfacts API (entity-level standard taxonomy facts) [AssetsCurrent] | current_liabilities: SEC companyfacts API (entity-level standard taxonomy facts) [LiabilitiesCurrent],current_assets / current_liabilities,ratio,ratio,current_instant,consolidated registrant (undimensioned facts),OK | NOT_AVAILABLE_SEC | N_A_STRUCTURAL | PUBLISHED | WITHHELD,2830-2839 pharma APPLICABLE | 3670-3679 manufacturing APPLICABLE | 3710-3719 manufacturing APPLICABLE | 4510-4519 airline APPLICABLE | 4810-4819 telecom APPLICABLE | 4830-4839 media APPLICABLE | 5310-5319 retail APPLICABLE | 7010-7019 lodging APPLICABLE | 7370-7379 subscription_or_contract_revenue APPLICABLE,ACTIVE_VNEXT_RELEASE_R3,LEGACY_PRODUCER_CODE_PRESENT,
B09,B,Cash reserves,现金储备,期末现金及现金等价物（CashAndCashEquivalentsAtCarryingValue）。短期投资不混入主口径。,Period-end cash and cash equivalents (CashAndCashEquivalentsAtCarryingValue). Short-term investments are not mixed into the primary figure.,DIRECT_XBRL_FACT,structured_only,financial_statement,companyfacts_v1,,MAIN_DETERMINISTIC_CATALOG,catalog/deterministic_metrics.json,active_release_r3,ACTIVE_VNEXT_RELEASE_R3,cash: SEC companyfacts API (entity-level standard taxonomy facts) [CashAndCashEquivalentsAtCarryingValue],cash,USD,USD,current_instant,consolidated registrant (undimensioned facts),OK | NOT_AVAILABLE_SEC | N_A_STRUCTURAL | PUBLISHED | WITHHELD,2830-2839 pharma APPLICABLE | 3670-3679 manufacturing APPLICABLE | 3710-3719 manufacturing APPLICABLE | 4510-4519 airline APPLICABLE | 4810-4819 telecom APPLICABLE | 4830-4839 media APPLICABLE | 5310-5319 retail APPLICABLE | 7010-7019 lodging APPLICABLE | 7370-7379 subscription_or_contract_revenue APPLICABLE,ACTIVE_VNEXT_RELEASE_R3,LEGACY_PRODUCER_CODE_PRESENT,
B10,B,Occupancy rate,入住率,已售客房数除以可售客房数。由 AI 读取 10-K Lodging Statistics 表并提出精确单元定位，要求当年、Comparable Systemwide Properties、Worldwide 口径的绝对值；reported percent 声明式换算为 canonical ratio；与 RevPAR / ADR 同一次表格读取并满足 RevPAR ≈ ADR × Occupancy（1% 容差）。,Occupied rooms divided by available rooms. An AI table reader proposes exact cell locators in the 10-K lodging-statistics table for the current-year comparable systemwide worldwide absolute value; the reported percent is declaratively converted to a canonical ratio; read in the same response as RevPAR / ADR and checked against RevPAR ≈ ADR × Occupancy at 1% tolerance.,AI_TABLE_READ,ai_table,lodging_kpi_table,,table,MAIN_STRUCTURED_SPEC,catalog/metrics/B10_occupancy.md,active_release_r3,ACTIVE_VNEXT_RELEASE_R3,table_claim: reviewed table read from the selected disclosure table (disclosure_group=lodging_kpi_table) [],,ratio,percent,current_fiscal_year,"{""geography"": ""worldwide"", ""operating_scope"": ""systemwide"", ""property_population"": ""comparable""}",MDA_OK | NOT_EXTRACTED | N_A_STRUCTURAL | PUBLISHED | WITHHELD,7010-7019 lodging APPLICABLE,ACTIVE_VNEXT_RELEASE_R3,LEGACY_PRODUCER_RETIRED_FAIL_CLOSED,prior_year、percentage_change、company_operated、regional_only 是禁止混淆项。 | 整个 disclosure group 需 whole-ReviewUnit 批准，不能只批准 occupancy 单格。
B11,B,RevPAR,每间可售房收入（RevPAR）,每间可售客房的房费收入（USD 绝对值）。口径与读取方式同 B10；RevPAR 与 supporting ADR 只接受 USD，其他货币整单 WITHHELD；增长百分比不能冒充绝对值。,Room revenue per available room as a USD absolute value. Same scope and reading method as B10; RevPAR and supporting ADR accept USD only (other currencies WITHHOLD the whole unit) and growth percentages never substitute for the absolute value.,AI_TABLE_READ,ai_table,lodging_kpi_table,,table,MAIN_STRUCTURED_SPEC,catalog/metrics/B11_revpar.md,active_release_r3,ACTIVE_VNEXT_RELEASE_R3,table_claim: reviewed table read from the selected disclosure table (disclosure_group=lodging_kpi_table) [],,USD,USD,current_fiscal_year,"{""geography"": ""worldwide"", ""operating_scope"": ""systemwide"", ""property_population"": ""comparable""}",MDA_OK | NOT_EXTRACTED | N_A_STRUCTURAL | PUBLISHED | WITHHELD,7010-7019 lodging APPLICABLE,ACTIVE_VNEXT_RELEASE_R3,LEGACY_PRODUCER_RETIRED_FAIL_CLOSED,lodging identity 容差已从 legacy 5% 收紧为 1%（METH-01）。
B12,B,ARR / churn or RPO substitute,ARR / churn 可得性与 RPO/cRPO 替代值,ARR 与 churn 在 SEC 申报中通常不直接披露；本指标输出未维度化的 RevenueRemainingPerformanceObligation 事实作为 RPO 替代观测值，并明确 RPO ≠ ARR、cRPO ≠ ARR。churn 未明确披露时为 NOT_AVAILABLE_SEC 或 TEXT_QUAL。,ARR and churn are usually not disclosed directly in SEC filings; this metric outputs the undimensioned RevenueRemainingPerformanceObligation fact as an RPO substitute observation and states explicitly that RPO ≠ ARR and cRPO ≠ ARR. Undisclosed churn is NOT_AVAILABLE_SEC or TEXT_QUAL.,DIRECT_XBRL_FACT,structured_only,financial_statement,accession_xbrl_v1,,MAIN_DETERMINISTIC_CATALOG,catalog/deterministic_metrics.json,active_release_r3,ACTIVE_VNEXT_RELEASE_R3,remaining_performance_obligation: target 10-K accession XBRL instance [RevenueRemainingPerformanceObligation],remaining_performance_obligation,USD,USD,current_annual,dimensioned instance facts per required_dimensions,DIM_XBRL_OK | TEXT_QUAL | NOT_AVAILABLE_SEC | N_A_STRUCTURAL | PUBLISHED | WITHHELD,7370-7379 subscription_or_contract_revenue APPLICABLE,ACTIVE_VNEXT_RELEASE_R3,LEGACY_PRODUCER_CODE_PRESENT,若产品需要真正的 churn rate，应拆成独立指标并只消费明确披露的 churn / retention 口径。
B13,B,Capacity utilization,产能利用率,实际产量除以产能。SEC 年报通常不披露可计算数值：仅有定性描述时为 TEXT_QUAL，未披露为 NOT_AVAILABLE_SEC。main 上的 Issue #15 表格合同只接受 production 口径的数值表格声明；PR #43 有用户批准的后继 Spec（可比实际产量 ÷ 可用产能，Ford / Enphase），尚未合并。,"Actual production divided by capacity. SEC annual reports usually do not disclose a computable value: qualitative-only is TEXT_QUAL and undisclosed is NOT_AVAILABLE_SEC. The Issue #15 table contract on main accepts only a numeric production-capacity table claim; PR #43 carries a user-approved successor Spec (comparable actual production ÷ available capacity, Ford / Enphase) that is not merged.",AI_TABLE_READ,ai_table,financial_statement,,table,MAIN_STRUCTURED_SPEC,catalog/metrics/B13_capacity_utilization.md,issue15_table_contracts,,table_claim: reviewed table read from the selected disclosure table (disclosure_group=financial_statement) [],,ratio,percent,current_fiscal_year_table_claim,"{""capacity_basis"": ""production""}",TEXT_QUAL | NOT_AVAILABLE_SEC | MDA_OK | N_A_STRUCTURAL | PUBLISHED | WITHHELD,2830-2839 pharma PENDING_CONFIRMATION | 3670-3679 manufacturing CONDITIONAL | 3710-3719 manufacturing CONDITIONAL | 4510-4519 airline PENDING_CONFIRMATION | 4810-4819 telecom PENDING_CONFIRMATION | 4830-4839 media PENDING_CONFIRMATION | 5310-5319 retail PENDING_CONFIRMATION | 7010-7019 lodging PENDING_CONFIRMATION | 7370-7379 subscription_or_contract_revenue PENDING_CONFIRMATION,NOT_IN_VNEXT_RELEASE_PLAN,LEGACY_PRODUCER_CODE_PRESENT,manufacturing capacity 与 qualitative 是禁止混淆项。 | legacy Stage 09 只捕获定性文本片段（TEXT_QUAL / NOT_AVAILABLE_SEC，value 为空），不做数值计算；非主适用公司的 B13 行会被移出主矩阵、写入 out-of-scope 观测文件。
C01,C,CEO / CFO changes,CEO / CFO 变动,财年窗口内 8-K Item 5.02 的事件清单（日期、accession、item code、brief）。零 AI 的声明式 item 路由，来自 8-K 头文件 item code，必要时回退到主文档标题。,"Event list of 8-K Item 5.02 within the fiscal-year window (date, accession, item code, brief). A zero-AI declarative item route read from the 8-K header item codes with a primary-document heading fallback.",EVENT_ITEM_RULE,structured_only,corporate_events,8k_item_index_v1,,MAIN_EVENT_ROUTE,catalog/event_routes.json,active_release_r3,ACTIVE_VNEXT_RELEASE_R3,direct_item_codes: 8-K header item codes (HDR_SGML_ITEM_CODE) with primary-document heading fallback [5.02] | zero_hit_projection: FY-window scan with no matching item [],,event_count,event_count,fiscal_year_window_8k,all 8-K filings of the registrant within the window,8K_ITEM_OK | NOT_AVAILABLE_SEC | PUBLISHED,2830-2839 pharma APPLICABLE | 3670-3679 manufacturing APPLICABLE | 3710-3719 manufacturing APPLICABLE | 4510-4519 airline APPLICABLE | 4810-4819 telecom APPLICABLE | 4830-4839 media APPLICABLE | 5310-5319 retail APPLICABLE | 6020-6029 financial_institution APPLICABLE | 7010-7019 lodging APPLICABLE | 7370-7379 subscription_or_contract_revenue APPLICABLE,ACTIVE_VNEXT_RELEASE_R3,LEGACY_PRODUCER_CODE_PRESENT,与 E03 共享 leadership_item_5_02 claim group；同一事件不区分离任与任命。 | successor/predecessor 公司的事件窗口按 PRIOR_CALENDAR_YEAR_START_TO_TARGET_END 扩展。
C02,C,Board composition,董事会构成,来自最新 DEF 14A 的董事会构成信号（董事人数、独立董事数、委员会信息）。main 基线只按关键词捕获董事会章节文本片段，输出定性状态 TEXT_QUAL，结构化人数需人工复核；无 MetricSpec。,"Board composition signal from the latest DEF 14A (director count, independent directors, committees). The main baseline only captures a board-section text snippet by keyword and yields qualitative TEXT_QUAL; structured counts need review; no MetricSpec exists on main.",LEGACY_TEXT_KEYWORD_RULE,ai_text,governance_proxy,,text,MAIN_TEXT_DEFINITION,02_指标定义_SEC_10公司单年指标.md,text_definition,,primary: proxy statement board section [board of directors|director nominees|independent directors],,,,target_fiscal_year_filing,registrant-level text of the selected filing,TEXT_QUAL | NEEDS_REVIEW,2830-2839 pharma APPLICABLE | 3670-3679 manufacturing APPLICABLE | 3710-3719 manufacturing APPLICABLE | 4510-4519 airline APPLICABLE | 4810-4819 telecom APPLICABLE | 4830-4839 media APPLICABLE | 5310-5319 retail APPLICABLE | 6020-6029 financial_institution APPLICABLE | 7010-7019 lodging APPLICABLE | 7370-7379 subscription_or_contract_revenue APPLICABLE,NOT_IN_VNEXT_RELEASE_PLAN,LEGACY_PRODUCER_CODE_PRESENT,value 为空，unit 不适用。 | PR #43 的 r6 后继 Spec 改为保留完整来源披露语句集合（ai_text，需复核），未合并。
C03,C,Executive compensation signals,高管薪酬信号,首席执行官（PEO）总薪酬，优先取 DEF 14A 中 ecd XBRL 的 PeoTotalCompAmt 事实（USD，目标财年）；无 ecd 事实时状态 NEEDS_REVIEW 并导出 ecd inventory。,"Principal executive officer total compensation, preferring the ecd:PeoTotalCompAmt XBRL fact in the DEF 14A (USD, target fiscal year); without ecd facts the status is NEEDS_REVIEW and the ecd inventory is dumped.",LEGACY_XBRL_FACT_RULE,structured_only,governance_proxy,ecd_xbrl_v1,,MAIN_TEXT_DEFINITION,02_指标定义_SEC_10公司单年指标.md,text_definition,,"primary: ecd XBRL facts of the proxy statement [ecd:PeoTotalCompAmt] | evidence_only: compensation table text [summary compensation table|total compensation|principal executive officer] | registry_structured_route: SourceStrategy structured route ecd_xbrl_v1 (executive compensation disclosure XBRL facts); the concept is bound by the selected definition or a verified legacy code citation, not by the route []",,USD,USD,target_fiscal_year_filing,registrant-level text of the selected filing,DEF14A_OK | NEEDS_REVIEW | NOT_EXTRACTED,2830-2839 pharma APPLICABLE | 3670-3679 manufacturing APPLICABLE | 3710-3719 manufacturing APPLICABLE | 4510-4519 airline APPLICABLE | 4810-4819 telecom APPLICABLE | 4830-4839 media APPLICABLE | 5310-5319 retail APPLICABLE | 6020-6029 financial_institution APPLICABLE | 7010-7019 lodging APPLICABLE | 7370-7379 subscription_or_contract_revenue APPLICABLE,NOT_IN_VNEXT_RELEASE_PLAN,LEGACY_PRODUCER_CODE_PRESENT,多个 PeoTotalCompAmt 命中目标财年时保留重复 context 供复核。 | PR #43 的 r5 后继 Spec 增加非 ecd 标注时从 Summary Compensation Table 读取的路线，未合并。
C04,C,Auditor changes,审计师变更,审计师是否变更的标记（0 = 未变更，1 = 变更）。基线比较同一 CIK 本年与上年 10-K 的 dei:AuditorName 事实，忽略标点与空白差异；变更或缺失/冲突时 NEEDS_REVIEW，未变更为 DIM_XBRL_OK。定义文档还列出 8-K Item 4.01 作为第二路径。,"Auditor-change flag (0 = unchanged, 1 = changed). The baseline compares the current and prior 10-K dei:AuditorName facts for the same CIK, ignoring punctuation and whitespace; a change or a missing/conflicting name is NEEDS_REVIEW and an unchanged name is DIM_XBRL_OK. The definition doc also lists 8-K Item 4.01 as a second path.",LEGACY_XBRL_FACT_RULE | LEGACY_8K_ITEM_RULE,structured_only,auditor_report,auditor_fact_v1,,MAIN_TEXT_DEFINITION,02_指标定义_SEC_10公司单年指标.md,text_definition,,"primary: dei cover facts of the current and prior annual report [dei:AuditorName] | secondary: Item 4.01 Changes in Registrant's Certifying Accountant [4.01] | registry_structured_route: SourceStrategy structured route auditor_fact_v1 (auditor-report fact family); the fact used is bound per metric by its selected definition or a verified legacy code citation, not by the route []",,flag_0_or_1,flag_0_or_1,target_fiscal_year_filing,registrant-level text of the selected filing,DIM_XBRL_OK | NEEDS_REVIEW,2830-2839 pharma APPLICABLE | 3670-3679 manufacturing APPLICABLE | 3710-3719 manufacturing APPLICABLE | 4510-4519 airline APPLICABLE | 4810-4819 telecom APPLICABLE | 4830-4839 media APPLICABLE | 5310-5319 retail APPLICABLE | 6020-6029 financial_institution APPLICABLE | 7010-7019 lodging APPLICABLE | 7370-7379 subscription_or_contract_revenue APPLICABLE,NOT_IN_VNEXT_RELEASE_PLAN,LEGACY_PRODUCER_CODE_PRESENT,年末名称比较不能排除年内曾更换审计师。 | 10-K/A 不含审计报告时回退同财年原始 10-K；successor/predecessor 不可硬拼 CIK。
D01,D,Risk factors summary,风险因素摘要,10-K Item 1A 的标题级摘要或主题清单，定性状态 TEXT_QUAL。main 基线只按“Item 1A Risk Factors”标题捕获文本片段。,Title-level summary or theme list of 10-K Item 1A with qualitative status TEXT_QUAL. The main baseline only captures a text snippet at the Item 1A Risk Factors heading.,LEGACY_TEXT_KEYWORD_RULE,ai_text,risk_legal_text,,text,MAIN_TEXT_DEFINITION,02_指标定义_SEC_10公司单年指标.md,text_definition,,primary: Item 1A Risk Factors [Item\s+1A\.?\s+Risk Factors|Risk Factors],,,,target_fiscal_year_filing,registrant-level text of the selected filing,TEXT_QUAL | NOT_EXTRACTED,2830-2839 pharma APPLICABLE | 3670-3679 manufacturing APPLICABLE | 3710-3719 manufacturing APPLICABLE | 4510-4519 airline APPLICABLE | 4810-4819 telecom APPLICABLE | 4830-4839 media APPLICABLE | 5310-5319 retail APPLICABLE | 6020-6029 financial_institution APPLICABLE | 7010-7019 lodging APPLICABLE | 7370-7379 subscription_or_contract_revenue APPLICABLE,NOT_IN_VNEXT_RELEASE_PLAN,LEGACY_PRODUCER_CODE_PRESENT,value 为空，unit 不适用。 | PR #43 的 r6 后继 Spec 改为复现完整 Item 1A 的全部强调标题（ai_text，需复核），未合并。
D02,D,Litigation disclosures,诉讼披露,Item 3 / Legal Proceedings / 或有事项附注中的诉讼披露存在性。定义文档要求若有 XBRL loss contingency accrual 则记录概念与值，否则记录文本存在性；main 基线只做标题/关键词文本捕获，命中为 TEXT_QUAL，否则 NOT_AVAILABLE_SEC。,"Existence of litigation disclosure in Item 3 / Legal Proceedings / contingency notes. The definition doc asks to record an XBRL loss-contingency accrual concept and value when present and otherwise text existence; the main baseline only captures heading/keyword text, TEXT_QUAL on a hit and NOT_AVAILABLE_SEC otherwise.",LEGACY_TEXT_KEYWORD_RULE,ai_text,risk_legal_text,,text,MAIN_TEXT_DEFINITION,02_指标定义_SEC_10公司单年指标.md,text_definition,,primary: Item 3 Legal Proceedings / litigation text / contingency notes [Item\s+3\.?\s+Legal Proceedings|Legal Proceedings|litigation],,,,target_fiscal_year_filing,registrant-level text of the selected filing,TEXT_QUAL | NOT_AVAILABLE_SEC,2830-2839 pharma APPLICABLE | 3670-3679 manufacturing APPLICABLE | 3710-3719 manufacturing APPLICABLE | 4510-4519 airline APPLICABLE | 4810-4819 telecom APPLICABLE | 4830-4839 media APPLICABLE | 5310-5319 retail APPLICABLE | 6020-6029 financial_institution APPLICABLE | 7010-7019 lodging APPLICABLE | 7370-7379 subscription_or_contract_revenue APPLICABLE,NOT_IN_VNEXT_RELEASE_PLAN,LEGACY_PRODUCER_CODE_PRESENT,定义文档提到的 loss contingency accrual XBRL 概念未在 main 基线代码中实现为结构化来源，具体 tag 未指定。 | PR #43 的 r6 后继 Spec 记录 Item 3 / Item 8 / 引用附注的完整披露集合，未合并。
D03,D,Regulatory investigations,监管调查,Item 1A / Item 3 / 附注中的监管调查线索：关键词 investigation、subpoena、inquiry、regulatory、SEC、DOJ、FTC、FDA 的命中段落与判断。main 基线在整篇 10-K 文本上做关键词扫描，命中为 TEXT_QUAL，否则 NOT_AVAILABLE_SEC；无 MetricSpec，PR #43 亦未提供后继 Spec。,"Regulatory-investigation signals in Item 1A / Item 3 / notes: passages hit by the keywords investigation, subpoena, inquiry, regulatory, SEC, DOJ, FTC, FDA plus a judgement. The main baseline scans the whole 10-K text, TEXT_QUAL on a hit and NOT_AVAILABLE_SEC otherwise; no MetricSpec exists on main and PR #43 provides no successor Spec either.",LEGACY_TEXT_KEYWORD_RULE,ai_text,risk_legal_text,,text,MAIN_TEXT_DEFINITION,02_指标定义_SEC_10公司单年指标.md,text_definition,,primary: whole 10-K primary document text (risk/legal sections) [investigation|subpoena|inquiry|regulatory|SEC|DOJ|FTC|FDA],,,,target_fiscal_year_filing,registrant-level text of the selected filing,TEXT_QUAL | NOT_AVAILABLE_SEC,2830-2839 pharma APPLICABLE | 3670-3679 manufacturing APPLICABLE | 3710-3719 manufacturing APPLICABLE | 4510-4519 airline APPLICABLE | 4810-4819 telecom APPLICABLE | 4830-4839 media APPLICABLE | 5310-5319 retail APPLICABLE | 6020-6029 financial_institution APPLICABLE | 7010-7019 lodging APPLICABLE | 7370-7379 subscription_or_contract_revenue APPLICABLE,NOT_IN_VNEXT_RELEASE_PLAN,LEGACY_PRODUCER_CODE_PRESENT,关键词 SEC / regulatory 极易命中一般性语句；TEXT_QUAL 只表示命中了关键词，不代表存在实际监管调查，判断部分未自动化。 | value 为空，unit 不适用。
D04,D,Going concern statements,持续经营声明,审计意见、10-K 文本或 going concern 相关 XBRL 概念中的持续经营疑虑。main 基线扫描短语 going concern / substantial doubt：命中记录片段，未命中记录“未披露持续经营疑虑”；两者都是 TEXT_QUAL，未披露是正常结果而非解析失败。注册表把 D04 定义为 auditor_fact 结构化优先、ai_text 回退。,"Going-concern doubt in the audit opinion, 10-K text or going-concern XBRL concepts. The main baseline scans for the phrases going concern / substantial doubt: a hit records the snippet and a miss records “no going-concern doubt disclosed”; both are TEXT_QUAL and absence is a normal result rather than a parse failure. The registry defines D04 as auditor_fact structured-first with an ai_text fallback.",LEGACY_TEXT_KEYWORD_RULE,structured_first_ai_fallback,auditor_report,auditor_fact_v1,text,MAIN_TEXT_DEFINITION,02_指标定义_SEC_10公司单年指标.md,text_definition,,"primary: audit opinion and 10-K text [going concern|substantial doubt] | registry_structured_route: SourceStrategy structured route auditor_fact_v1 (auditor-report fact family); the fact used is bound per metric by its selected definition or a verified legacy code citation, not by the route []",,,,target_fiscal_year_filing,registrant-level text of the selected filing,TEXT_QUAL,2830-2839 pharma APPLICABLE | 3670-3679 manufacturing APPLICABLE | 3710-3719 manufacturing APPLICABLE | 4510-4519 airline APPLICABLE | 4810-4819 telecom APPLICABLE | 4830-4839 media APPLICABLE | 5310-5319 retail APPLICABLE | 6020-6029 financial_institution APPLICABLE | 7010-7019 lodging APPLICABLE | 7370-7379 subscription_or_contract_revenue APPLICABLE,NOT_IN_VNEXT_RELEASE_PLAN,LEGACY_PRODUCER_CODE_PRESENT,定义文档提到的 going concern XBRL concepts 未在 main 基线中实现为结构化来源，具体 tag 未指定。 | PR #43 的 r6 后继 Spec 区分当期声明、历史疑虑、其他主体与条件性风险，未合并。
E01,E,M&A announcements,并购公告,财年窗口内 8-K Item 1.01 / 2.01 事件，以及正文含 merger / acquisition / combine / transaction 关键词的 Item 8.01 事件。,"8-K Item 1.01 / 2.01 events within the fiscal-year window, plus Item 8.01 events whose text contains merger / acquisition / combine / transaction keywords.",EVENT_ITEM_RULE,structured_only,corporate_events,8k_item_index_v1,,MAIN_EVENT_ROUTE,catalog/event_routes.json,active_release_r3,ACTIVE_VNEXT_RELEASE_R3,"direct_item_codes: 8-K header item codes (HDR_SGML_ITEM_CODE) with primary-document heading fallback [1.01, 2.01] | keyword_item_rule: 8-K item 8.01 text [8.01] | zero_hit_projection: FY-window scan with no matching item []",,event_count,event_count,fiscal_year_window_8k,all 8-K filings of the registrant within the window,8K_ITEM_OK | NOT_AVAILABLE_SEC | PUBLISHED,2830-2839 pharma APPLICABLE | 3670-3679 manufacturing APPLICABLE | 3710-3719 manufacturing APPLICABLE | 4510-4519 airline APPLICABLE | 4810-4819 telecom APPLICABLE | 4830-4839 media APPLICABLE | 5310-5319 retail APPLICABLE | 6020-6029 financial_institution APPLICABLE | 7010-7019 lodging APPLICABLE | 7370-7379 subscription_or_contract_revenue APPLICABLE,ACTIVE_VNEXT_RELEASE_R3,LEGACY_PRODUCER_CODE_PRESENT,Item 1.01 与 E05 同源；关键词匹配为 NFKC casefold 子串匹配。
E02,E,Bankruptcy filings,破产申请,财年窗口内 8-K Item 1.03 事件；预期多为零，零是正常结果。,8-K Item 1.03 events within the fiscal-year window; zero is the normal expected result.,EVENT_ITEM_RULE,structured_only,corporate_events,8k_item_index_v1,,MAIN_EVENT_ROUTE,catalog/event_routes.json,active_release_r3,ACTIVE_VNEXT_RELEASE_R3,direct_item_codes: 8-K header item codes (HDR_SGML_ITEM_CODE) with primary-document heading fallback [1.03] | zero_hit_projection: FY-window scan with no matching item [],,event_count,event_count,fiscal_year_window_8k,all 8-K filings of the registrant within the window,8K_ITEM_OK | NOT_AVAILABLE_SEC | PUBLISHED,2830-2839 pharma APPLICABLE | 3670-3679 manufacturing APPLICABLE | 3710-3719 manufacturing APPLICABLE | 4510-4519 airline APPLICABLE | 4810-4819 telecom APPLICABLE | 4830-4839 media APPLICABLE | 5310-5319 retail APPLICABLE | 6020-6029 financial_institution APPLICABLE | 7010-7019 lodging APPLICABLE | 7370-7379 subscription_or_contract_revenue APPLICABLE,ACTIVE_VNEXT_RELEASE_R3,LEGACY_PRODUCER_CODE_PRESENT,
E03,E,Leadership departures,领导层离任,财年窗口内 8-K Item 5.02 事件，与 C01 同源并共享 claim group。,"8-K Item 5.02 events within the fiscal-year window, same source and shared claim group as C01.",EVENT_ITEM_RULE,structured_only,corporate_events,8k_item_index_v1,,MAIN_EVENT_ROUTE,catalog/event_routes.json,active_release_r3,ACTIVE_VNEXT_RELEASE_R3,direct_item_codes: 8-K header item codes (HDR_SGML_ITEM_CODE) with primary-document heading fallback [5.02] | zero_hit_projection: FY-window scan with no matching item [],,event_count,event_count,fiscal_year_window_8k,all 8-K filings of the registrant within the window,8K_ITEM_OK | NOT_AVAILABLE_SEC | PUBLISHED,2830-2839 pharma APPLICABLE | 3670-3679 manufacturing APPLICABLE | 3710-3719 manufacturing APPLICABLE | 4510-4519 airline APPLICABLE | 4810-4819 telecom APPLICABLE | 4830-4839 media APPLICABLE | 5310-5319 retail APPLICABLE | 6020-6029 financial_institution APPLICABLE | 7010-7019 lodging APPLICABLE | 7370-7379 subscription_or_contract_revenue APPLICABLE,ACTIVE_VNEXT_RELEASE_R3,LEGACY_PRODUCER_CODE_PRESENT,不区分离任与任命。
E04,E,Financial restatements,财务重述,财年窗口内 8-K Item 4.02（不可依赖既往财务报表）事件，高风险信号。,8-K Item 4.02 (non-reliance on previously issued financial statements) events within the fiscal-year window; a high-risk signal.,EVENT_ITEM_RULE,structured_only,corporate_events,8k_item_index_v1,,MAIN_EVENT_ROUTE,catalog/event_routes.json,active_release_r3,ACTIVE_VNEXT_RELEASE_R3,direct_item_codes: 8-K header item codes (HDR_SGML_ITEM_CODE) with primary-document heading fallback [4.02] | zero_hit_projection: FY-window scan with no matching item [],,event_count,event_count,fiscal_year_window_8k,all 8-K filings of the registrant within the window,8K_ITEM_OK | NOT_AVAILABLE_SEC | PUBLISHED,2830-2839 pharma APPLICABLE | 3670-3679 manufacturing APPLICABLE | 3710-3719 manufacturing APPLICABLE | 4510-4519 airline APPLICABLE | 4810-4819 telecom APPLICABLE | 4830-4839 media APPLICABLE | 5310-5319 retail APPLICABLE | 6020-6029 financial_institution APPLICABLE | 7010-7019 lodging APPLICABLE | 7370-7379 subscription_or_contract_revenue APPLICABLE,ACTIVE_VNEXT_RELEASE_R3,LEGACY_PRODUCER_CODE_PRESENT,
E05,E,Material agreements,重大协议,财年窗口内 8-K Item 1.01 事件清单；不抽取合同条款。,List of 8-K Item 1.01 events within the fiscal-year window; contract terms are not extracted.,EVENT_ITEM_RULE,structured_only,corporate_events,8k_item_index_v1,,MAIN_EVENT_ROUTE,catalog/event_routes.json,active_release_r3,ACTIVE_VNEXT_RELEASE_R3,direct_item_codes: 8-K header item codes (HDR_SGML_ITEM_CODE) with primary-document heading fallback [1.01] | zero_hit_projection: FY-window scan with no matching item [],,event_count,event_count,fiscal_year_window_8k,all 8-K filings of the registrant within the window,8K_ITEM_OK | NOT_AVAILABLE_SEC | PUBLISHED,2830-2839 pharma APPLICABLE | 3670-3679 manufacturing APPLICABLE | 3710-3719 manufacturing APPLICABLE | 4510-4519 airline APPLICABLE | 4810-4819 telecom APPLICABLE | 4830-4839 media APPLICABLE | 5310-5319 retail APPLICABLE | 6020-6029 financial_institution APPLICABLE | 7010-7019 lodging APPLICABLE | 7370-7379 subscription_or_contract_revenue APPLICABLE,ACTIVE_VNEXT_RELEASE_R3,LEGACY_PRODUCER_CODE_PRESENT,与 E01 的 Item 1.01 同源。
