marriott-2025	marriott_international	2025-12-31	A01,A02,A03,A04,A05,A06,A07,A08,A09,A10,A11,A12,A13,B01,B02,B03,B04,B05,B06,B07,B08,B09,B10,B11,B12,B13,C01,C02,C03,C04,D01,D02,D04,E01,E02,E03,E04,E05
marriott-2024	marriott_international	2024-12-31	A01,A02,A03,A04,A05,A06,A07,A08,A09,A10,A11,A12,A13,B01,B02,B03,B04,B05,B06,B07,B08,B09,B10,B11,B12,B13,C01,C02,C03,C04,D01,D02,D04,E01,E02,E03,E04,E05
marriott-2023	marriott_international	2023-12-31	A01,A02,A03,A04,A05,A06,A07,A08,A09,A10,A11,A12,A13,B01,B02,B03,B04,B05,B06,B07,B08,B09,B10,B11,B12,B13,C01,C02,C03,C04,D01,D02,D04,E01,E02,E03,E04,E05
marriott-2022	marriott_international	2022-12-31	A01,A02,A03,A04,A05,A06,A07,A08,A09,A10,A11,A12,A13,B01,B02,B03,B04,B05,B06,B07,B08,B09,B10,B11,B12,B13,C01,C02,C03,C04,D01,D02,D04,E01,E02,E03,E04,E05
marriott-2021	marriott_international	2021-12-31	A01,A02,A03,A04,A05,A06,A07,A08,A09,A10,A11,A12,A13,B01,B02,B03,B04,B05,B06,B07,B08,B09,B10,B11,B12,B13,C01,C02,C03,C04,D01,D02,D04,E01,E02,E03,E04,E05
southwest-2025	southwest_airlines	2025-12-31	A01,A02,A03,A04,A05,A06,A07,A08,A09,A10,A11,A12,A13,B01,B02,B03,B04,B05,B06,B07,B08,B09,B10,B11,B12,B13,C01,C02,C03,C04,D01,D02,D04,E01,E02,E03,E04,E05
southwest-2024	southwest_airlines	2024-12-31	A01,A02,A03,A04,A05,A06,A07,A08,A09,A10,A11,A12,A13,B01,B02,B03,B04,B05,B06,B07,B08,B09,B10,B11,B12,B13,C01,C02,C03,C04,D01,D02,D04,E01,E02,E03,E04,E05
southwest-2023	southwest_airlines	2023-12-31	A01,A02,A03,A04,A05,A06,A07,A08,A09,A10,A11,A12,A13,B01,B02,B03,B04,B05,B06,B07,B08,B09,B10,B11,B12,B13,C01,C02,C03,C04,D01,D02,D04,E01,E02,E03,E04,E05
southwest-2022	southwest_airlines	2022-12-31	A01,A02,A03,A04,A05,A06,A07,A08,A09,A10,A11,A12,A13,B01,B02,B03,B04,B05,B06,B07,B08,B09,B10,B11,B12,B13,C01,C02,C03,C04,D01,D02,D04,E01,E02,E03,E04,E05
southwest-2021	southwest_airlines	2021-12-31	A01,A02,A03,A04,A05,A06,A07,A08,A09,A10,A11,A12,A13,B01,B02,B03,B04,B05,B06,B07,B08,B09,B10,B11,B12,B13,C01,C02,C03,C04,D01,D02,D04,E01,E02,E03,E04,E05
ford-2025	ford_motor_company	2025-12-31	A01,A02,A03,A04,A05,A06,A07,A08,A09,A10,A11,A12,A13,B01,B02,B03,B04,B05,B06,B07,B08,B09,B10,B11,B12,C01,C02,C03,C04,D01,D02,D04,E01,E02,E03,E04,E05
ford-2024	ford_motor_company	2024-12-31	A01,A02,A03,A04,A05,A06,A07,A08,A09,A10,A11,A12,A13,B01,B02,B03,B04,B05,B06,B07,B08,B09,B10,B11,B12,C01,C02,C03,C04,D01,D02,D04,E01,E02,E03,E04,E05
ford-2023	ford_motor_company	2023-12-31	A01,A02,A03,A04,A05,A06,A07,A08,A09,A10,A11,A12,A13,B01,B02,B03,B04,B05,B06,B07,B08,B09,B10,B11,B12,C01,C02,C03,C04,D01,D02,D04,E01,E02,E03,E04,E05
ford-2022	ford_motor_company	2022-12-31	A01,A02,A03,A04,A05,A06,A07,A08,A09,A10,A11,A12,A13,B01,B02,B03,B04,B05,B06,B07,B08,B09,B10,B11,B12,C01,C02,C03,C04,D01,D02,D04,E01,E02,E03,E04,E05
ford-2021	ford_motor_company	2021-12-31	A01,A02,A03,A04,A05,A06,A07,A08,A09,A10,A11,A12,A13,B01,B02,B03,B04,B05,B06,B07,B08,B09,B10,B11,B12,C01,C02,C03,C04,D01,D02,D04,E01,E02,E03,E04,E05
pfizer-2025	pfizer	2025-12-31	A01,A02,A03,A04,A05,A06,A07,A08,A09,A10,A11,A12,A13,B01,B02,B03,B04,B05,B06,B07,B08,B09,B10,B11,B12,B13,C01,C02,C03,C04,D01,D02,D04,E01,E02,E03,E04,E05
pfizer-2024	pfizer	2024-12-31	A01,A02,A03,A04,A05,A06,A07,A08,A09,A10,A11,A12,A13,B01,B02,B03,B04,B05,B06,B07,B08,B09,B10,B11,B12,B13,C01,C02,C03,C04,D01,D02,D04,E01,E02,E03,E04,E05
pfizer-2023	pfizer	2023-12-31	A01,A02,A03,A04,A05,A06,A07,A08,A09,A10,A11,A12,A13,B01,B02,B03,B04,B05,B06,B07,B08,B09,B10,B11,B12,B13,C01,C02,C03,C04,D01,D02,D04,E01,E02,E03,E04,E05
pfizer-2022	pfizer	2022-12-31	A01,A02,A03,A04,A05,A06,A07,A08,A09,A10,A11,A12,A13,B01,B02,B03,B04,B05,B06,B07,B08,B09,B10,B11,B12,B13,C01,C02,C03,C04,D01,D02,D04,E01,E02,E03,E04,E05
pfizer-2021	pfizer	2021-12-31	A01,A02,A03,A04,A05,A06,A07,A08,A09,A10,A11,A12,A13,B01,B02,B03,B04,B05,B06,B07,B08,B09,B10,B11,B12,B13,C01,C02,C03,C04,D01,D02,D04,E01,E02,E03,E04,E05
jpmorgan-2025	jpmorgan_chase	2025-12-31	A01,A02,A03,A04,A05,A06,A07,A08,A09,A10,A11,A12,A13,B01,B02,B03,B04,B05,B06,B07,B08,B09,B10,B11,B12,B13,C01,C02,C03,C04,D01,D02,D04,E01,E02,E03,E04,E05
jpmorgan-2024	jpmorgan_chase	2024-12-31	A01,A02,A03,A04,A05,A06,A07,A08,A09,A10,A11,A12,A13,B01,B02,B03,B04,B05,B06,B07,B08,B09,B10,B11,B12,B13,C01,C02,C03,C04,D01,D02,D04,E01,E02,E03,E04,E05
jpmorgan-2023	jpmorgan_chase	2023-12-31	A01,A02,A03,A04,A05,A06,A07,A08,A09,A10,A11,A12,A13,B01,B02,B03,B04,B05,B06,B07,B08,B09,B10,B11,B12,B13,C01,C02,C03,C04,D01,D02,D04,E01,E02,E03,E04,E05
jpmorgan-2022	jpmorgan_chase	2022-12-31	A01,A02,A03,A04,A05,A06,A07,A08,A09,A10,A11,A12,A13,B01,B02,B03,B04,B05,B06,B07,B08,B09,B10,B11,B12,B13,C01,C02,C03,C04,D01,D02,D04,E01,E02,E03,E04,E05
jpmorgan-2021	jpmorgan_chase	2021-12-31	A01,A02,A03,A04,A05,A06,A07,A08,A09,A10,A11,A12,A13,B01,B02,B03,B04,B05,B06,B07,B08,B09,B10,B11,B12,B13,C01,C02,C03,C04,D01,D02,D04,E01,E02,E03,E04,E05
salesforce-2026	salesforce	2026-01-31	A01,A02,A03,A04,A05,A06,A07,A08,A09,A10,A11,A12,A13,B01,B02,B03,B04,B05,B06,B07,B08,B09,B10,B11,B12,B13,C01,C02,C03,C04,D01,D02,D04,E01,E02,E03,E04,E05
salesforce-2025	salesforce	2025-01-31	A01,A02,A03,A04,A05,A06,A07,A08,A09,A10,A11,A12,A13,B01,B02,B03,B04,B05,B06,B07,B08,B09,B10,B11,B12,B13,C01,C02,C03,C04,D01,D02,D04,E01,E02,E03,E04,E05
salesforce-2024	salesforce	2024-01-31	A01,A02,A03,A04,A05,A06,A07,A08,A09,A10,A11,A12,A13,B01,B02,B03,B04,B05,B06,B07,B08,B09,B10,B11,B12,B13,C01,C02,C03,C04,D01,D02,D04,E01,E02,E03,E04,E05
salesforce-2023	salesforce	2023-01-31	A01,A02,A03,A04,A05,A06,A07,A08,A09,A10,A11,A12,A13,B01,B02,B03,B04,B05,B06,B07,B08,B09,B10,B11,B12,B13,C01,C02,C03,C04,D01,D02,D04,E01,E02,E03,E04,E05
salesforce-2022	salesforce	2022-01-31	A01,A02,A03,A04,A05,A06,A07,A08,A09,A10,A11,A12,A13,B01,B02,B03,B04,B05,B06,B07,B08,B09,B10,B11,B12,B13,C01,C02,C03,C04,D01,D02,D04,E01,E02,E03,E04,E05
lumen-2025	lumen_technologies	2025-12-31	A01,A02,A03,A04,A05,A06,A07,A08,A09,A10,A11,A12,A13,B01,B02,B03,B04,B05,B06,B07,B08,B09,B10,B11,B12,B13,C01,C02,C03,C04,D01,D02,D04,E01,E02,E03,E04,E05
lumen-2024	lumen_technologies	2024-12-31	A01,A02,A03,A04,A05,A06,A07,A08,A09,A10,A11,A12,A13,B01,B02,B03,B04,B05,B06,B07,B08,B09,B10,B11,B12,B13,C01,C02,C03,C04,D01,D02,D04,E01,E02,E03,E04,E05
lumen-2023	lumen_technologies	2023-12-31	A01,A02,A03,A04,A05,A06,A07,A08,A09,A10,A11,A12,A13,B01,B02,B03,B04,B05,B06,B07,B08,B09,B10,B11,B12,B13,C01,C02,C03,C04,D01,D02,D04,E01,E02,E03,E04,E05
lumen-2022	lumen_technologies	2022-12-31	A01,A02,A03,A04,A05,A06,A07,A08,A09,A10,A11,A12,A13,B01,B02,B03,B04,B05,B06,B07,B08,B09,B10,B11,B12,B13,C01,C02,C03,C04,D01,D02,D04,E01,E02,E03,E04,E05
lumen-2021	lumen_technologies	2021-12-31	A01,A02,A03,A04,A05,A06,A07,A08,A09,A10,A11,A12,A13,B01,B02,B03,B04,B05,B06,B07,B08,B09,B10,B11,B12,B13,C01,C02,C03,C04,D01,D02,D04,E01,E02,E03,E04,E05
macys-2026	macys	2026-01-31	A01,A02,A03,A04,A05,A06,A07,A08,A09,A10,A11,A12,A13,B01,B02,B03,B04,B05,B06,B07,B08,B09,B10,B11,B12,B13,C01,C02,C03,C04,D01,D02,D04,E01,E02,E03,E04,E05
macys-2025	macys	2025-02-01	A01,A02,A03,A04,A05,A06,A07,A08,A09,A10,A11,A12,A13,B01,B02,B03,B04,B05,B06,B07,B08,B09,B10,B11,B12,B13,C01,C02,C03,C04,D01,D02,D04,E01,E02,E03,E04,E05
macys-2024	macys	2024-02-03	A01,A02,A03,A04,A05,A06,A07,A08,A09,A10,A11,A12,A13,B01,B02,B03,B04,B05,B06,B07,B08,B09,B10,B11,B12,B13,C01,C02,C03,C04,D01,D02,D04,E01,E02,E03,E04,E05
macys-2023	macys	2023-01-28	A01,A02,A03,A04,A05,A06,A07,A08,A09,A10,A11,A12,A13,B01,B02,B03,B04,B05,B06,B07,B08,B09,B10,B11,B12,B13,C01,C02,C03,C04,D01,D02,D04,E01,E02,E03,E04,E05
macys-2022	macys	2022-01-29	A01,A02,A03,A04,A05,A06,A07,A08,A09,A10,A11,A12,A13,B01,B02,B03,B04,B05,B06,B07,B08,B09,B10,B11,B12,B13,C01,C02,C03,C04,D01,D02,D04,E01,E02,E03,E04,E05
paramount-2025	paramount_skydance_paramount_global	2025-12-31	A01,A02,A03,A04,A05,A06,A07,A08,A09,A10,A11,A12,A13,B01,B02,B03,B04,B05,B06,B07,B08,B09,B10,B11,B12,B13,C01,C02,C03,C04,D01,D02,D04,E01,E02,E03,E04,E05
paramount-2024	paramount_skydance_paramount_global	2024-12-31	A01,A02,A03,A04,A05,A06,A07,A08,A09,A10,A11,A12,A13,B01,B02,B03,B04,B05,B06,B07,B08,B09,B10,B11,B12,B13,C01,C02,C03,C04,D01,D02,D04,E01,E02,E03,E04,E05
paramount-2023	paramount_skydance_paramount_global	2023-12-31	A01,A02,A03,A04,A05,A06,A07,A08,A09,A10,A11,A12,A13,B01,B02,B03,B04,B05,B06,B07,B08,B09,B10,B11,B12,B13,C01,C02,C03,C04,D01,D02,D04,E01,E02,E03,E04,E05
paramount-2022	paramount_skydance_paramount_global	2022-12-31	A01,A02,A03,A04,A05,A06,A07,A08,A09,A10,A11,A12,A13,B01,B02,B03,B04,B05,B06,B07,B08,B09,B10,B11,B12,B13,C01,C02,C03,C04,D01,D02,D04,E01,E02,E03,E04,E05
paramount-2021	paramount_skydance_paramount_global	2021-12-31	A01,A02,A03,A04,A05,A06,A07,A08,A09,A10,A11,A12,A13,B01,B02,B03,B04,B05,B06,B07,B08,B09,B10,B11,B12,B13,C01,C02,C03,C04,D01,D02,D04,E01,E02,E03,E04,E05
enphase-2025	enphase_energy	2025-12-31	A01,A02,A03,A04,A05,A06,A07,A08,A09,A10,A11,A12,A13,B01,B02,B03,B04,B05,B06,B07,B08,B09,B10,B11,B12,C01,C02,C03,C04,D01,D02,D04,E01,E02,E03,E04,E05
enphase-2024	enphase_energy	2024-12-31	A01,A02,A03,A04,A05,A06,A07,A08,A09,A10,A11,A12,A13,B01,B02,B03,B04,B05,B06,B07,B08,B09,B10,B11,B12,C01,C02,C03,C04,D01,D02,D04,E01,E02,E03,E04,E05
enphase-2023	enphase_energy	2023-12-31	A01,A02,A03,A04,A05,A06,A07,A08,A09,A10,A11,A12,A13,B01,B02,B03,B04,B05,B06,B07,B08,B09,B10,B11,B12,C01,C02,C03,C04,D01,D02,D04,E01,E02,E03,E04,E05
enphase-2022	enphase_energy	2022-12-31	A01,A02,A03,A04,A05,A06,A07,A08,A09,A10,A11,A12,A13,B01,B02,B03,B04,B05,B06,B07,B08,B09,B10,B11,B12,C01,C02,C03,C04,D01,D02,D04,E01,E02,E03,E04,E05
enphase-2021	enphase_energy	2021-12-31	A01,A02,A03,A04,A05,A06,A07,A08,A09,A10,A11,A12,A13,B01,B02,B03,B04,B05,B06,B07,B08,B09,B10,B11,B12,C01,C02,C03,C04,D01,D02,D04,E01,E02,E03,E04,E05
