company,cik,metric_id,source_url,repo_relative_path,content_sha256,accession,document_name,concept_or_section,context_or_dimension,unit,period_start,period_end,value_raw,value_normalized,evidence_quote,extraction_method,parser_version,company_id,run_id,result_id,requirement_id,requirement_closure_hash,source_checkpoint_id,last_checked_source_checkpoint_id,current_source_checkpoint_id,original_source_checkpoint_id,current_source_equivalence_id,current_input_matches,current_input_status,result_validity,latest_attempt_status,latest_request_status,requested_in_latest_execution,source_credit,saved_processing_mode,native_path,period_role,archive_period_start,archive_period_end,archive_fiscal_year,measurement_period_start,measurement_period_end,measurement_period_status,defect_holds
Marriott International,1048286,B01,https://data.sec.gov/api/xbrl/companyfacts/CIK0001048286.json,evidence/request_attempts/af/af2fea717f696acfa6f5f2436aa6e4175c3c56ab1628a2e3198964300f32422a/CIK0001048286.json,af2fea717f696acfa6f5f2436aa6e4175c3c56ab1628a2e3198964300f32422a,0001048286-26-000007,CIK0001048286.json,Revenues,"{""source_binding"": {""accession"": ""0001048286-26-000007"", ""concept"": ""us-gaap:Revenues"", ""document_name"": ""CIK0001048286.json"", ""duration_days"": 365, ""entity"": ""1048286"", ""fact_id"": ""fact:sha256:640d9a21651aece0a442d56ed33584b1de816baa0a4cbeb0b717c112ca0c878a"", ""filed"": ""2026-02-10"", ""fiscal_period"": ""FY"", ""form"": ""10-K"", ""frame"": ""CY2025"", ""raw_asset_id"": ""sha256:af2fea717f696acfa6f5f2436aa6e4175c3c56ab1628a2e3198964300f32422a"", ""source_reference_id"": ""sha256:3109bea68ae11f5e3c6ebd77114cda1d6f17d60e772b2630baffdb2639c483e9"", ""source_role"": ""companyfacts""}, ""source_cells"": []}",USD,2025-01-01,2025-12-31,,26186000000,Normalized source-derived observation: Revenues=26186000000 unit=USD accn=0001048286-26-000007 filed=2026-02-10,ordinary_native_source_projection,ordinary_projection_v1,marriott_international,run:ordinary-integrated:66b14a9895d9514ae72776ebd5b1e90fa294937904764ff165dbc6a8407eaf6b,sha256:e279b28db1cecf3434d84fb7455717e5f7340a7e64310d84af935c92e55288bc,issue_54_v4,sha256:7e577402fa98974628bf613a3a82e66d79f55385ccce117ea5d1f0cd11d49fa2,sha256:671a25cd86baceec0cd20a6be08cbb225328ce65bf46e91fb435a80ca39da4d9,sha256:671a25cd86baceec0cd20a6be08cbb225328ce65bf46e91fb435a80ca39da4d9,sha256:671a25cd86baceec0cd20a6be08cbb225328ce65bf46e91fb435a80ca39da4d9,,,True,MATCHED,REPLAY_VERIFIED_CONTENT_NOT_ACCEPTED,CANDIDATE_READY,CANDIDATE_READY,True,VERIFIED_SEC_ACQUISITION,,native/B01/561d7b76b1ea4555aac5bf2e2c09aeff,RUN_ARCHIVE_COORDINATE,2025-01-01,2025-12-31,2025,2025-01-01,2025-12-31,NATIVE_REPLAY_VERIFIED,[]
Marriott International,1048286,B02,https://data.sec.gov/api/xbrl/companyfacts/CIK0001048286.json,evidence/request_attempts/af/af2fea717f696acfa6f5f2436aa6e4175c3c56ab1628a2e3198964300f32422a/CIK0001048286.json,af2fea717f696acfa6f5f2436aa6e4175c3c56ab1628a2e3198964300f32422a,0001048286-26-000007,CIK0001048286.json,Revenues,"{""attributes"": {""accession"": ""0001048286-26-000007"", ""deterministic_router_semantic_version"": ""2"", ""entity"": ""1048286"", ""filed"": ""2026-02-10"", ""fiscal_period"": ""FY"", ""form"": ""10-K"", ""frame"": ""CY2025""}, ""locator"": {""concept"": ""Revenues"", ""fact_id"": ""fact:sha256:640d9a21651aece0a442d56ed33584b1de816baa0a4cbeb0b717c112ca0c878a"", ""period_end"": ""2025-12-31"", ""period_start"": ""2025-01-01""}, ""verified_claim_id"": ""sha256:7e984e319d509c3fefa51955600cc5ea6d36e8db408d8036ac9bdfa264c3e0b1""}",USD,2025-01-01,2025-12-31,,26186000000,"Parsed source fact: {""locator"": {""concept"": ""Revenues"", ""fact_id"": ""fact:sha256:640d9a21651aece0a442d56ed33584b1de816baa0a4cbeb0b717c112ca0c878a"", ""period_end"": ""2025-12-31"", ""period_start"": ""2025-01-01""}, ""unit"": ""USD"", ""value"": ""26186000000""}",ordinary_native_source_projection,ordinary_projection_v1,marriott_international,run:ordinary-integrated:4db8ce1d085257cab2115cc069edda7a7a5b0e2cb332398a195fafe1c427f90b,sha256:deeb79872c6006a9af38c7fd13fd3d03ed783eaef9060501fa8a34ef113866b8,issue_54_v4,sha256:7e577402fa98974628bf613a3a82e66d79f55385ccce117ea5d1f0cd11d49fa2,sha256:671a25cd86baceec0cd20a6be08cbb225328ce65bf46e91fb435a80ca39da4d9,sha256:671a25cd86baceec0cd20a6be08cbb225328ce65bf46e91fb435a80ca39da4d9,sha256:671a25cd86baceec0cd20a6be08cbb225328ce65bf46e91fb435a80ca39da4d9,,,True,MATCHED,REPLAY_VERIFIED_CONTENT_NOT_ACCEPTED,CANDIDATE_READY,CANDIDATE_READY,True,VERIFIED_SEC_ACQUISITION,,native/B02/88a6783d152741dbb7d8bf1cfe0e5c76,RUN_ARCHIVE_COORDINATE,2025-01-01,2025-12-31,2025,2025-01-01,2025-12-31,NATIVE_REPLAY_VERIFIED,[]
Marriott International,1048286,B02,https://data.sec.gov/api/xbrl/companyfacts/CIK0001048286.json,evidence/request_attempts/af/af2fea717f696acfa6f5f2436aa6e4175c3c56ab1628a2e3198964300f32422a/CIK0001048286.json,af2fea717f696acfa6f5f2436aa6e4175c3c56ab1628a2e3198964300f32422a,0001628280-25-004818,CIK0001048286.json,Revenues,"{""attributes"": {""accession"": ""0001628280-25-004818"", ""deterministic_router_semantic_version"": ""2"", ""entity"": ""1048286"", ""filed"": ""2025-02-11"", ""fiscal_period"": ""FY"", ""form"": ""10-K"", ""frame"": """"}, ""locator"": {""concept"": ""Revenues"", ""fact_id"": ""fact:sha256:bfaeba3174709c79421d56ed7d00e1b2064c30a0cbf613ea2ed06ea00acb1556"", ""period_end"": ""2024-12-31"", ""period_start"": ""2024-01-01""}, ""verified_claim_id"": ""sha256:c181916611289c5e1c43690b8ed100773e3c0c57573e9f713615f4cbaf33f051""}",USD,2024-01-01,2024-12-31,,25100000000,"Parsed source fact: {""locator"": {""concept"": ""Revenues"", ""fact_id"": ""fact:sha256:bfaeba3174709c79421d56ed7d00e1b2064c30a0cbf613ea2ed06ea00acb1556"", ""period_end"": ""2024-12-31"", ""period_start"": ""2024-01-01""}, ""unit"": ""USD"", ""value"": ""25100000000""}",ordinary_native_source_projection,ordinary_projection_v1,marriott_international,run:ordinary-integrated:4db8ce1d085257cab2115cc069edda7a7a5b0e2cb332398a195fafe1c427f90b,sha256:deeb79872c6006a9af38c7fd13fd3d03ed783eaef9060501fa8a34ef113866b8,issue_54_v4,sha256:7e577402fa98974628bf613a3a82e66d79f55385ccce117ea5d1f0cd11d49fa2,sha256:671a25cd86baceec0cd20a6be08cbb225328ce65bf46e91fb435a80ca39da4d9,sha256:671a25cd86baceec0cd20a6be08cbb225328ce65bf46e91fb435a80ca39da4d9,sha256:671a25cd86baceec0cd20a6be08cbb225328ce65bf46e91fb435a80ca39da4d9,,,True,MATCHED,REPLAY_VERIFIED_CONTENT_NOT_ACCEPTED,CANDIDATE_READY,CANDIDATE_READY,True,VERIFIED_SEC_ACQUISITION,,native/B02/88a6783d152741dbb7d8bf1cfe0e5c76,RUN_ARCHIVE_COORDINATE,2025-01-01,2025-12-31,2025,2025-01-01,2025-12-31,NATIVE_REPLAY_VERIFIED,[]
Marriott International,1048286,B03,https://data.sec.gov/api/xbrl/companyfacts/CIK0001048286.json,evidence/request_attempts/af/af2fea717f696acfa6f5f2436aa6e4175c3c56ab1628a2e3198964300f32422a/CIK0001048286.json,af2fea717f696acfa6f5f2436aa6e4175c3c56ab1628a2e3198964300f32422a,0001048286-26-000007,CIK0001048286.json,Revenues,"{""source_binding"": {""accession"": ""0001048286-26-000007"", ""concept"": ""us-gaap:Revenues"", ""document_name"": ""CIK0001048286.json"", ""duration_days"": 365, ""entity"": ""1048286"", ""fact_id"": ""fact:sha256:640d9a21651aece0a442d56ed33584b1de816baa0a4cbeb0b717c112ca0c878a"", ""filed"": ""2026-02-10"", ""fiscal_period"": ""FY"", ""form"": ""10-K"", ""frame"": ""CY2025"", ""raw_asset_id"": ""sha256:af2fea717f696acfa6f5f2436aa6e4175c3c56ab1628a2e3198964300f32422a"", ""source_reference_id"": ""sha256:3109bea68ae11f5e3c6ebd77114cda1d6f17d60e772b2630baffdb2639c483e9"", ""source_role"": ""companyfacts""}, ""source_cells"": []}",USD,2025-01-01,2025-12-31,,26186000000,Normalized source-derived observation: Revenues=26186000000 unit=USD accn=0001048286-26-000007 filed=2026-02-10,ordinary_native_source_projection,ordinary_projection_v1,marriott_international,run:ordinary-integrated:146a8918cc9f7432659c9d97da9c1f06453db2072bb0e3e42fa665d25064c275,sha256:3043aa63cbf7616f9866fb93b8f69200a2246a33dfec8f1d09502a34af39a72a,issue_54_v4,sha256:7e577402fa98974628bf613a3a82e66d79f55385ccce117ea5d1f0cd11d49fa2,sha256:671a25cd86baceec0cd20a6be08cbb225328ce65bf46e91fb435a80ca39da4d9,sha256:671a25cd86baceec0cd20a6be08cbb225328ce65bf46e91fb435a80ca39da4d9,sha256:671a25cd86baceec0cd20a6be08cbb225328ce65bf46e91fb435a80ca39da4d9,,,True,MATCHED,REPLAY_VERIFIED_CONTENT_NOT_ACCEPTED,CANDIDATE_READY,CANDIDATE_READY,True,VERIFIED_SEC_ACQUISITION,,native/B03/198c6f604c4d446f9c24b34d85c36f44,RUN_ARCHIVE_COORDINATE,2025-01-01,2025-12-31,2025,2025-01-01,2025-12-31,NATIVE_REPLAY_VERIFIED,[]
Marriott International,1048286,B03,https://data.sec.gov/api/xbrl/companyfacts/CIK0001048286.json,evidence/request_attempts/af/af2fea717f696acfa6f5f2436aa6e4175c3c56ab1628a2e3198964300f32422a/CIK0001048286.json,af2fea717f696acfa6f5f2436aa6e4175c3c56ab1628a2e3198964300f32422a,0001048286-26-000007,CIK0001048286.json,OperatingIncomeLoss,"{""source_binding"": {""accession"": ""0001048286-26-000007"", ""concept"": ""us-gaap:OperatingIncomeLoss"", ""document_name"": ""CIK0001048286.json"", ""duration_days"": 365, ""entity"": ""1048286"", ""fact_id"": ""fact:sha256:79f30d07ac38870a6a9e0311fa4c719f86df495b14dcc8305d482bd0fa95c593"", ""filed"": ""2026-02-10"", ""fiscal_period"": ""FY"", ""form"": ""10-K"", ""frame"": ""CY2025"", ""raw_asset_id"": ""sha256:af2fea717f696acfa6f5f2436aa6e4175c3c56ab1628a2e3198964300f32422a"", ""source_reference_id"": ""sha256:3109bea68ae11f5e3c6ebd77114cda1d6f17d60e772b2630baffdb2639c483e9"", ""source_role"": ""companyfacts""}, ""source_cells"": []}",USD,2025-01-01,2025-12-31,,4141000000,Normalized source-derived observation: OperatingIncomeLoss=4141000000 unit=USD accn=0001048286-26-000007 filed=2026-02-10,ordinary_native_source_projection,ordinary_projection_v1,marriott_international,run:ordinary-integrated:146a8918cc9f7432659c9d97da9c1f06453db2072bb0e3e42fa665d25064c275,sha256:3043aa63cbf7616f9866fb93b8f69200a2246a33dfec8f1d09502a34af39a72a,issue_54_v4,sha256:7e577402fa98974628bf613a3a82e66d79f55385ccce117ea5d1f0cd11d49fa2,sha256:671a25cd86baceec0cd20a6be08cbb225328ce65bf46e91fb435a80ca39da4d9,sha256:671a25cd86baceec0cd20a6be08cbb225328ce65bf46e91fb435a80ca39da4d9,sha256:671a25cd86baceec0cd20a6be08cbb225328ce65bf46e91fb435a80ca39da4d9,,,True,MATCHED,REPLAY_VERIFIED_CONTENT_NOT_ACCEPTED,CANDIDATE_READY,CANDIDATE_READY,True,VERIFIED_SEC_ACQUISITION,,native/B03/198c6f604c4d446f9c24b34d85c36f44,RUN_ARCHIVE_COORDINATE,2025-01-01,2025-12-31,2025,2025-01-01,2025-12-31,NATIVE_REPLAY_VERIFIED,[]
Marriott International,1048286,B03,https://data.sec.gov/api/xbrl/companyfacts/CIK0001048286.json,evidence/request_attempts/af/af2fea717f696acfa6f5f2436aa6e4175c3c56ab1628a2e3198964300f32422a/CIK0001048286.json,af2fea717f696acfa6f5f2436aa6e4175c3c56ab1628a2e3198964300f32422a,0001048286-26-000007,CIK0001048286.json,Depreciation,"{""source_binding"": {""accession"": ""0001048286-26-000007"", ""concept"": ""us-gaap:Depreciation"", ""document_name"": ""CIK0001048286.json"", ""duration_days"": 365, ""entity"": ""1048286"", ""fact_id"": ""fact:sha256:7f1dae153dae374c696711307891d4411e2e663aecab0535a60afb94f67ff554"", ""filed"": ""2026-02-10"", ""fiscal_period"": ""FY"", ""form"": ""10-K"", ""frame"": ""CY2025"", ""raw_asset_id"": ""sha256:af2fea717f696acfa6f5f2436aa6e4175c3c56ab1628a2e3198964300f32422a"", ""source_reference_id"": ""sha256:3109bea68ae11f5e3c6ebd77114cda1d6f17d60e772b2630baffdb2639c483e9"", ""source_role"": ""companyfacts""}, ""source_cells"": []}",USD,2025-01-01,2025-12-31,,145000000,Normalized source-derived observation: Depreciation=145000000 unit=USD accn=0001048286-26-000007 filed=2026-02-10,ordinary_native_source_projection,ordinary_projection_v1,marriott_international,run:ordinary-integrated:146a8918cc9f7432659c9d97da9c1f06453db2072bb0e3e42fa665d25064c275,sha256:3043aa63cbf7616f9866fb93b8f69200a2246a33dfec8f1d09502a34af39a72a,issue_54_v4,sha256:7e577402fa98974628bf613a3a82e66d79f55385ccce117ea5d1f0cd11d49fa2,sha256:671a25cd86baceec0cd20a6be08cbb225328ce65bf46e91fb435a80ca39da4d9,sha256:671a25cd86baceec0cd20a6be08cbb225328ce65bf46e91fb435a80ca39da4d9,sha256:671a25cd86baceec0cd20a6be08cbb225328ce65bf46e91fb435a80ca39da4d9,,,True,MATCHED,REPLAY_VERIFIED_CONTENT_NOT_ACCEPTED,CANDIDATE_READY,CANDIDATE_READY,True,VERIFIED_SEC_ACQUISITION,,native/B03/198c6f604c4d446f9c24b34d85c36f44,RUN_ARCHIVE_COORDINATE,2025-01-01,2025-12-31,2025,2025-01-01,2025-12-31,NATIVE_REPLAY_VERIFIED,[]
Marriott International,1048286,B03,https://data.sec.gov/api/xbrl/companyfacts/CIK0001048286.json,evidence/request_attempts/af/af2fea717f696acfa6f5f2436aa6e4175c3c56ab1628a2e3198964300f32422a/CIK0001048286.json,af2fea717f696acfa6f5f2436aa6e4175c3c56ab1628a2e3198964300f32422a,0001048286-26-000007,CIK0001048286.json,AmortizationOfIntangibleAssets,"{""source_binding"": {""accession"": ""0001048286-26-000007"", ""concept"": ""us-gaap:AmortizationOfIntangibleAssets"", ""document_name"": ""CIK0001048286.json"", ""duration_days"": 365, ""entity"": ""1048286"", ""fact_id"": ""fact:sha256:dc2d19d98282f8878b0c781a8e3e0153827301adcc5661a55a943b5999c23b9c"", ""filed"": ""2026-02-10"", ""fiscal_period"": ""FY"", ""form"": ""10-K"", ""frame"": ""CY2025"", ""raw_asset_id"": ""sha256:af2fea717f696acfa6f5f2436aa6e4175c3c56ab1628a2e3198964300f32422a"", ""source_reference_id"": ""sha256:3109bea68ae11f5e3c6ebd77114cda1d6f17d60e772b2630baffdb2639c483e9"", ""source_role"": ""companyfacts""}, ""source_cells"": []}",USD,2025-01-01,2025-12-31,,313000000,Normalized source-derived observation: AmortizationOfIntangibleAssets=313000000 unit=USD accn=0001048286-26-000007 filed=2026-02-10,ordinary_native_source_projection,ordinary_projection_v1,marriott_international,run:ordinary-integrated:146a8918cc9f7432659c9d97da9c1f06453db2072bb0e3e42fa665d25064c275,sha256:3043aa63cbf7616f9866fb93b8f69200a2246a33dfec8f1d09502a34af39a72a,issue_54_v4,sha256:7e577402fa98974628bf613a3a82e66d79f55385ccce117ea5d1f0cd11d49fa2,sha256:671a25cd86baceec0cd20a6be08cbb225328ce65bf46e91fb435a80ca39da4d9,sha256:671a25cd86baceec0cd20a6be08cbb225328ce65bf46e91fb435a80ca39da4d9,sha256:671a25cd86baceec0cd20a6be08cbb225328ce65bf46e91fb435a80ca39da4d9,,,True,MATCHED,REPLAY_VERIFIED_CONTENT_NOT_ACCEPTED,CANDIDATE_READY,CANDIDATE_READY,True,VERIFIED_SEC_ACQUISITION,,native/B03/198c6f604c4d446f9c24b34d85c36f44,RUN_ARCHIVE_COORDINATE,2025-01-01,2025-12-31,2025,2025-01-01,2025-12-31,NATIVE_REPLAY_VERIFIED,[]
Marriott International,1048286,B04,https://data.sec.gov/api/xbrl/companyfacts/CIK0001048286.json,evidence/request_attempts/af/af2fea717f696acfa6f5f2436aa6e4175c3c56ab1628a2e3198964300f32422a/CIK0001048286.json,af2fea717f696acfa6f5f2436aa6e4175c3c56ab1628a2e3198964300f32422a,0001048286-26-000007,CIK0001048286.json,NetIncomeLoss,"{""attributes"": {""accession"": ""0001048286-26-000007"", ""deterministic_router_semantic_version"": ""2"", ""entity"": ""1048286"", ""filed"": ""2026-02-10"", ""fiscal_period"": ""FY"", ""form"": ""10-K"", ""frame"": ""CY2025""}, ""locator"": {""concept"": ""NetIncomeLoss"", ""fact_id"": ""fact:sha256:1f474666fd095084373a06c70acdcb320bee8c4f6ccdbd97744c095707da5357"", ""period_end"": ""2025-12-31"", ""period_start"": ""2025-01-01""}, ""verified_claim_id"": ""sha256:aa47f97d5ca542d8611b88c763b230149fbd24f07b0217790da33ff17f5afba5""}",USD,2025-01-01,2025-12-31,,2601000000,"Parsed source fact: {""locator"": {""concept"": ""NetIncomeLoss"", ""fact_id"": ""fact:sha256:1f474666fd095084373a06c70acdcb320bee8c4f6ccdbd97744c095707da5357"", ""period_end"": ""2025-12-31"", ""period_start"": ""2025-01-01""}, ""unit"": ""USD"", ""value"": ""2601000000""}",ordinary_native_source_projection,ordinary_projection_v1,marriott_international,run:ordinary-integrated:fcc1a1313776e42778caa37d267d47c9f1a743b92cb3fca2ec54f225c621e34a,sha256:d3485438637d57796cdaee8a7b88e4ba91c910e63dbaf0a5c6e00dcc102a592b,issue_54_v4,sha256:7e577402fa98974628bf613a3a82e66d79f55385ccce117ea5d1f0cd11d49fa2,sha256:671a25cd86baceec0cd20a6be08cbb225328ce65bf46e91fb435a80ca39da4d9,sha256:671a25cd86baceec0cd20a6be08cbb225328ce65bf46e91fb435a80ca39da4d9,sha256:671a25cd86baceec0cd20a6be08cbb225328ce65bf46e91fb435a80ca39da4d9,,,True,MATCHED,REPLAY_VERIFIED_CONTENT_NOT_ACCEPTED,CANDIDATE_READY,CANDIDATE_READY,True,VERIFIED_SEC_ACQUISITION,,native/B04/440cf8c238574d13913fb645949e3765,RUN_ARCHIVE_COORDINATE,2025-01-01,2025-12-31,2025,2025-01-01,2025-12-31,NATIVE_REPLAY_VERIFIED,[]
Marriott International,1048286,B05,https://data.sec.gov/api/xbrl/companyfacts/CIK0001048286.json,evidence/request_attempts/af/af2fea717f696acfa6f5f2436aa6e4175c3c56ab1628a2e3198964300f32422a/CIK0001048286.json,af2fea717f696acfa6f5f2436aa6e4175c3c56ab1628a2e3198964300f32422a,0001048286-26-000007,CIK0001048286.json,NetCashProvidedByUsedInOperatingActivities,"{""attributes"": {""accession"": ""0001048286-26-000007"", ""deterministic_router_semantic_version"": ""2"", ""entity"": ""1048286"", ""filed"": ""2026-02-10"", ""fiscal_period"": ""FY"", ""form"": ""10-K"", ""frame"": ""CY2025""}, ""locator"": {""concept"": ""NetCashProvidedByUsedInOperatingActivities"", ""fact_id"": ""fact:sha256:f68bab7305938bfa57645e90157324fd7c304e39df74c1c953665f8357594299"", ""period_end"": ""2025-12-31"", ""period_start"": ""2025-01-01""}, ""verified_claim_id"": ""sha256:0f03ed764910ea6359bc4a7617f62b59b639677c728578fe2270091f2ba0b313""}",USD,2025-01-01,2025-12-31,,3212000000,"Parsed source fact: {""locator"": {""concept"": ""NetCashProvidedByUsedInOperatingActivities"", ""fact_id"": ""fact:sha256:f68bab7305938bfa57645e90157324fd7c304e39df74c1c953665f8357594299"", ""period_end"": ""2025-12-31"", ""period_start"": ""2025-01-01""}, ""unit"": ""USD"", ""value"": ""3212000000""}",ordinary_native_source_projection,ordinary_projection_v1,marriott_international,run:ordinary-integrated:d6595698087d9d73103b193ee72ecd330a83d5bfea8315bee54b3fb665619c07,sha256:4282aae9758971635d0b8a1cacf3db9e5b756ed0ce77677d65485c78df204b26,issue_54_v4,sha256:7e577402fa98974628bf613a3a82e66d79f55385ccce117ea5d1f0cd11d49fa2,sha256:671a25cd86baceec0cd20a6be08cbb225328ce65bf46e91fb435a80ca39da4d9,sha256:671a25cd86baceec0cd20a6be08cbb225328ce65bf46e91fb435a80ca39da4d9,sha256:671a25cd86baceec0cd20a6be08cbb225328ce65bf46e91fb435a80ca39da4d9,,,True,MATCHED,REPLAY_VERIFIED_CONTENT_NOT_ACCEPTED,CANDIDATE_READY,CANDIDATE_READY,True,VERIFIED_SEC_ACQUISITION,,native/B05/c06dadb0c31c4a1fbb29d88491fb3bd5,RUN_ARCHIVE_COORDINATE,2025-01-01,2025-12-31,2025,2025-01-01,2025-12-31,NATIVE_REPLAY_VERIFIED,[]
Marriott International,1048286,B05,https://data.sec.gov/api/xbrl/companyfacts/CIK0001048286.json,evidence/request_attempts/af/af2fea717f696acfa6f5f2436aa6e4175c3c56ab1628a2e3198964300f32422a/CIK0001048286.json,af2fea717f696acfa6f5f2436aa6e4175c3c56ab1628a2e3198964300f32422a,0001048286-26-000007,CIK0001048286.json,PaymentsToAcquireProductiveAssets,"{""attributes"": {""accession"": ""0001048286-26-000007"", ""deterministic_router_semantic_version"": ""2"", ""entity"": ""1048286"", ""filed"": ""2026-02-10"", ""fiscal_period"": ""FY"", ""form"": ""10-K"", ""frame"": ""CY2025""}, ""locator"": {""concept"": ""PaymentsToAcquireProductiveAssets"", ""fact_id"": ""fact:sha256:ca61ac2eb9865afdf5784656dd009d747bed942a57535e8c7129ff247b6e5610"", ""period_end"": ""2025-12-31"", ""period_start"": ""2025-01-01""}, ""verified_claim_id"": ""sha256:75e6d40705fe5988f67972ce74db21d10a9bdc5353abd05b8b06c76c36ad9b92""}",USD,2025-01-01,2025-12-31,,604000000,"Parsed source fact: {""locator"": {""concept"": ""PaymentsToAcquireProductiveAssets"", ""fact_id"": ""fact:sha256:ca61ac2eb9865afdf5784656dd009d747bed942a57535e8c7129ff247b6e5610"", ""period_end"": ""2025-12-31"", ""period_start"": ""2025-01-01""}, ""unit"": ""USD"", ""value"": ""604000000""}",ordinary_native_source_projection,ordinary_projection_v1,marriott_international,run:ordinary-integrated:d6595698087d9d73103b193ee72ecd330a83d5bfea8315bee54b3fb665619c07,sha256:4282aae9758971635d0b8a1cacf3db9e5b756ed0ce77677d65485c78df204b26,issue_54_v4,sha256:7e577402fa98974628bf613a3a82e66d79f55385ccce117ea5d1f0cd11d49fa2,sha256:671a25cd86baceec0cd20a6be08cbb225328ce65bf46e91fb435a80ca39da4d9,sha256:671a25cd86baceec0cd20a6be08cbb225328ce65bf46e91fb435a80ca39da4d9,sha256:671a25cd86baceec0cd20a6be08cbb225328ce65bf46e91fb435a80ca39da4d9,,,True,MATCHED,REPLAY_VERIFIED_CONTENT_NOT_ACCEPTED,CANDIDATE_READY,CANDIDATE_READY,True,VERIFIED_SEC_ACQUISITION,,native/B05/c06dadb0c31c4a1fbb29d88491fb3bd5,RUN_ARCHIVE_COORDINATE,2025-01-01,2025-12-31,2025,2025-01-01,2025-12-31,NATIVE_REPLAY_VERIFIED,[]
Marriott International,1048286,B06,https://www.sec.gov/Archives/edgar/data/1048286/000104828626000007/mar-20251231_htm.xml,evidence/request_attempts/39/39cdb4be609ec4e5e081e68f9be2d83cb8cc29c4ba915afa59a4847a24356150/mar-20251231_htm.xml,39cdb4be609ec4e5e081e68f9be2d83cb8cc29c4ba915afa59a4847a24356150,0001048286-26-000007,mar-20251231_htm.xml,StockholdersEquity,"{""source_binding"": {""accession"": ""0001048286-26-000007"", ""concept"": ""us-gaap:StockholdersEquity"", ""denominator_proof_hash"": ""sha256:f93e5fcf7e2eedc4501dcfdfe2087c43d84d365c7410a50de32f81399117f86c"", ""document_name"": ""mar-20251231_htm.xml"", ""entity"": ""1048286"", ""filed"": ""2026-02-10"", ""form"": ""10-K"", ""raw_asset_id"": ""sha256:39cdb4be609ec4e5e081e68f9be2d83cb8cc29c4ba915afa59a4847a24356150"", ""reported_decimals"": ""-6"", ""source_reference_id"": ""sha256:6139c18acde58b3ba5aff86a1debd212c1fade31d2ba8a0ce35a748947694a07"", ""source_role"": ""auditor_facts"", ""xbrl_context_ref"": ""c-24"", ""xbrl_fact_ordinal"": 219}, ""source_cells"": []}",USD,2025-12-31,2025-12-31,,-3771000000,Normalized source-derived observation: StockholdersEquity=-3771000000 unit=USD accn=0001048286-26-000007 filed=2026-02-10,native_verified_observation_projection,normal_numeric_projection_v1,marriott_international,run:ordinary-integrated:f97bb1998555949b6e9c751f807c94b8c01170a95da63b4eceb399c4549186a1,sha256:fcc430e45d29dd0bb8f890709c5abb137ce3c5cd3d780657d4e1a9db23498f1f,issue_54_v4,sha256:7e577402fa98974628bf613a3a82e66d79f55385ccce117ea5d1f0cd11d49fa2,sha256:671a25cd86baceec0cd20a6be08cbb225328ce65bf46e91fb435a80ca39da4d9,sha256:671a25cd86baceec0cd20a6be08cbb225328ce65bf46e91fb435a80ca39da4d9,sha256:671a25cd86baceec0cd20a6be08cbb225328ce65bf46e91fb435a80ca39da4d9,,,True,MATCHED,REPLAY_VERIFIED_CONTENT_NOT_ACCEPTED,CANDIDATE_READY,CANDIDATE_READY,True,VERIFIED_SEC_ACQUISITION,,native/B06/c802a858f62743129654959e5b501caf,RUN_ARCHIVE_COORDINATE,2025-12-31,2025-12-31,2025,2025-12-31,2025-12-31,NATIVE_REPLAY_VERIFIED,[]
Marriott International,1048286,B07,https://data.sec.gov/api/xbrl/companyfacts/CIK0001048286.json,evidence/request_attempts/af/af2fea717f696acfa6f5f2436aa6e4175c3c56ab1628a2e3198964300f32422a/CIK0001048286.json,af2fea717f696acfa6f5f2436aa6e4175c3c56ab1628a2e3198964300f32422a,0001048286-26-000007,CIK0001048286.json,OperatingIncomeLoss,"{""attributes"": {""accession"": ""0001048286-26-000007"", ""deterministic_router_semantic_version"": ""2"", ""entity"": ""1048286"", ""filed"": ""2026-02-10"", ""fiscal_period"": ""FY"", ""form"": ""10-K"", ""frame"": ""CY2025""}, ""locator"": {""concept"": ""OperatingIncomeLoss"", ""fact_id"": ""fact:sha256:79f30d07ac38870a6a9e0311fa4c719f86df495b14dcc8305d482bd0fa95c593"", ""period_end"": ""2025-12-31"", ""period_start"": ""2025-01-01""}, ""verified_claim_id"": ""sha256:27366c91a359901d32284ae8301b2a36b7bd49434ba496d37dd4289cf775677a""}",USD,2025-01-01,2025-12-31,,4141000000,"Parsed source fact: {""locator"": {""concept"": ""OperatingIncomeLoss"", ""fact_id"": ""fact:sha256:79f30d07ac38870a6a9e0311fa4c719f86df495b14dcc8305d482bd0fa95c593"", ""period_end"": ""2025-12-31"", ""period_start"": ""2025-01-01""}, ""unit"": ""USD"", ""value"": ""4141000000""}",ordinary_native_source_projection,ordinary_projection_v1,marriott_international,run:ordinary-integrated:2f8abdc651175f939e66d1f36f9156619c47aa31c324844c3872b3a1e22f232a,sha256:ed405c6e15ae7ba817408e210e59295493a13a69ae5fa953d6d653680faf156d,issue_54_v4,sha256:7e577402fa98974628bf613a3a82e66d79f55385ccce117ea5d1f0cd11d49fa2,sha256:671a25cd86baceec0cd20a6be08cbb225328ce65bf46e91fb435a80ca39da4d9,sha256:671a25cd86baceec0cd20a6be08cbb225328ce65bf46e91fb435a80ca39da4d9,sha256:671a25cd86baceec0cd20a6be08cbb225328ce65bf46e91fb435a80ca39da4d9,,,True,MATCHED,REPLAY_VERIFIED_CONTENT_NOT_ACCEPTED,CANDIDATE_READY,CANDIDATE_READY,True,VERIFIED_SEC_ACQUISITION,,native/B07/ac6b1829c6e04f79a59d22250f990ec5,RUN_ARCHIVE_COORDINATE,2025-01-01,2025-12-31,2025,2025-01-01,2025-12-31,NATIVE_REPLAY_VERIFIED,[]
Marriott International,1048286,B07,https://data.sec.gov/api/xbrl/companyfacts/CIK0001048286.json,evidence/request_attempts/af/af2fea717f696acfa6f5f2436aa6e4175c3c56ab1628a2e3198964300f32422a/CIK0001048286.json,af2fea717f696acfa6f5f2436aa6e4175c3c56ab1628a2e3198964300f32422a,0001048286-26-000007,CIK0001048286.json,InterestExpenseNonoperating,"{""attributes"": {""accession"": ""0001048286-26-000007"", ""deterministic_router_semantic_version"": ""2"", ""entity"": ""1048286"", ""filed"": ""2026-02-10"", ""fiscal_period"": ""FY"", ""form"": ""10-K"", ""frame"": ""CY2025""}, ""locator"": {""concept"": ""InterestExpenseNonoperating"", ""fact_id"": ""fact:sha256:a8475280437801a20dae35cfd2c314bcd93b6d82f1ab9f98cb1107fc8430b827"", ""period_end"": ""2025-12-31"", ""period_start"": ""2025-01-01""}, ""verified_claim_id"": ""sha256:7bc04de2592084543484e2068ae734d0102696567dc20c3c9e60d4a0110889e0""}",USD,2025-01-01,2025-12-31,,809000000,"Parsed source fact: {""locator"": {""concept"": ""InterestExpenseNonoperating"", ""fact_id"": ""fact:sha256:a8475280437801a20dae35cfd2c314bcd93b6d82f1ab9f98cb1107fc8430b827"", ""period_end"": ""2025-12-31"", ""period_start"": ""2025-01-01""}, ""unit"": ""USD"", ""value"": ""809000000""}",ordinary_native_source_projection,ordinary_projection_v1,marriott_international,run:ordinary-integrated:2f8abdc651175f939e66d1f36f9156619c47aa31c324844c3872b3a1e22f232a,sha256:ed405c6e15ae7ba817408e210e59295493a13a69ae5fa953d6d653680faf156d,issue_54_v4,sha256:7e577402fa98974628bf613a3a82e66d79f55385ccce117ea5d1f0cd11d49fa2,sha256:671a25cd86baceec0cd20a6be08cbb225328ce65bf46e91fb435a80ca39da4d9,sha256:671a25cd86baceec0cd20a6be08cbb225328ce65bf46e91fb435a80ca39da4d9,sha256:671a25cd86baceec0cd20a6be08cbb225328ce65bf46e91fb435a80ca39da4d9,,,True,MATCHED,REPLAY_VERIFIED_CONTENT_NOT_ACCEPTED,CANDIDATE_READY,CANDIDATE_READY,True,VERIFIED_SEC_ACQUISITION,,native/B07/ac6b1829c6e04f79a59d22250f990ec5,RUN_ARCHIVE_COORDINATE,2025-01-01,2025-12-31,2025,2025-01-01,2025-12-31,NATIVE_REPLAY_VERIFIED,[]
Marriott International,1048286,B08,https://data.sec.gov/api/xbrl/companyfacts/CIK0001048286.json,evidence/request_attempts/af/af2fea717f696acfa6f5f2436aa6e4175c3c56ab1628a2e3198964300f32422a/CIK0001048286.json,af2fea717f696acfa6f5f2436aa6e4175c3c56ab1628a2e3198964300f32422a,0001048286-26-000007,CIK0001048286.json,AssetsCurrent,"{""attributes"": {""accession"": ""0001048286-26-000007"", ""deterministic_router_semantic_version"": ""2"", ""entity"": ""1048286"", ""filed"": ""2026-02-10"", ""fiscal_period"": ""FY"", ""form"": ""10-K"", ""frame"": """"}, ""locator"": {""concept"": ""AssetsCurrent"", ""fact_id"": ""fact:sha256:f839bf5106fe57140972b43a28cdb96398fc6c2959a6682ad83c5d9027a1e118"", ""period_end"": ""2025-12-31"", ""period_start"": ""2025-12-31""}, ""verified_claim_id"": ""sha256:f364830702ba353ebe8f82dc843d7f2afbe88e7b653f884e882955e57855f227""}",USD,2025-12-31,2025-12-31,,3584000000,"Parsed source fact: {""locator"": {""concept"": ""AssetsCurrent"", ""fact_id"": ""fact:sha256:f839bf5106fe57140972b43a28cdb96398fc6c2959a6682ad83c5d9027a1e118"", ""period_end"": ""2025-12-31"", ""period_start"": ""2025-12-31""}, ""unit"": ""USD"", ""value"": ""3584000000""}",ordinary_native_source_projection,ordinary_projection_v1,marriott_international,run:ordinary-integrated:ad372cee4834ff4c680f0f61fb7635953ff4acaf0b9b4cf60964dc555a59bba9,sha256:3dcbb078f8f175413fa17db5c0e9b49e61ef16a2f5f34e2d5ecc8ff22de344fd,issue_54_v4,sha256:7e577402fa98974628bf613a3a82e66d79f55385ccce117ea5d1f0cd11d49fa2,sha256:671a25cd86baceec0cd20a6be08cbb225328ce65bf46e91fb435a80ca39da4d9,sha256:671a25cd86baceec0cd20a6be08cbb225328ce65bf46e91fb435a80ca39da4d9,sha256:671a25cd86baceec0cd20a6be08cbb225328ce65bf46e91fb435a80ca39da4d9,,,True,MATCHED,REPLAY_VERIFIED_CONTENT_NOT_ACCEPTED,CANDIDATE_READY,CANDIDATE_READY,True,VERIFIED_SEC_ACQUISITION,,native/B08/5757d7ba44514862b7faec0ddbb56535,RUN_ARCHIVE_COORDINATE,2025-12-31,2025-12-31,2025,2025-12-31,2025-12-31,NATIVE_REPLAY_VERIFIED,[]
Marriott International,1048286,B08,https://data.sec.gov/api/xbrl/companyfacts/CIK0001048286.json,evidence/request_attempts/af/af2fea717f696acfa6f5f2436aa6e4175c3c56ab1628a2e3198964300f32422a/CIK0001048286.json,af2fea717f696acfa6f5f2436aa6e4175c3c56ab1628a2e3198964300f32422a,0001048286-26-000007,CIK0001048286.json,LiabilitiesCurrent,"{""attributes"": {""accession"": ""0001048286-26-000007"", ""deterministic_router_semantic_version"": ""2"", ""entity"": ""1048286"", ""filed"": ""2026-02-10"", ""fiscal_period"": ""FY"", ""form"": ""10-K"", ""frame"": """"}, ""locator"": {""concept"": ""LiabilitiesCurrent"", ""fact_id"": ""fact:sha256:c9e00c0a5e05bca42dcdd8c0bdfc41ec48dbd8aadead5167372b1717bafdff07"", ""period_end"": ""2025-12-31"", ""period_start"": ""2025-12-31""}, ""verified_claim_id"": ""sha256:449f765b9349f26e05e86ccfeca4c14c3f34b16db22c4b06f3a089e86d7f2415""}",USD,2025-12-31,2025-12-31,,8398000000,"Parsed source fact: {""locator"": {""concept"": ""LiabilitiesCurrent"", ""fact_id"": ""fact:sha256:c9e00c0a5e05bca42dcdd8c0bdfc41ec48dbd8aadead5167372b1717bafdff07"", ""period_end"": ""2025-12-31"", ""period_start"": ""2025-12-31""}, ""unit"": ""USD"", ""value"": ""8398000000""}",ordinary_native_source_projection,ordinary_projection_v1,marriott_international,run:ordinary-integrated:ad372cee4834ff4c680f0f61fb7635953ff4acaf0b9b4cf60964dc555a59bba9,sha256:3dcbb078f8f175413fa17db5c0e9b49e61ef16a2f5f34e2d5ecc8ff22de344fd,issue_54_v4,sha256:7e577402fa98974628bf613a3a82e66d79f55385ccce117ea5d1f0cd11d49fa2,sha256:671a25cd86baceec0cd20a6be08cbb225328ce65bf46e91fb435a80ca39da4d9,sha256:671a25cd86baceec0cd20a6be08cbb225328ce65bf46e91fb435a80ca39da4d9,sha256:671a25cd86baceec0cd20a6be08cbb225328ce65bf46e91fb435a80ca39da4d9,,,True,MATCHED,REPLAY_VERIFIED_CONTENT_NOT_ACCEPTED,CANDIDATE_READY,CANDIDATE_READY,True,VERIFIED_SEC_ACQUISITION,,native/B08/5757d7ba44514862b7faec0ddbb56535,RUN_ARCHIVE_COORDINATE,2025-12-31,2025-12-31,2025,2025-12-31,2025-12-31,NATIVE_REPLAY_VERIFIED,[]
Marriott International,1048286,B09,https://data.sec.gov/api/xbrl/companyfacts/CIK0001048286.json,evidence/request_attempts/af/af2fea717f696acfa6f5f2436aa6e4175c3c56ab1628a2e3198964300f32422a/CIK0001048286.json,af2fea717f696acfa6f5f2436aa6e4175c3c56ab1628a2e3198964300f32422a,0001048286-26-000007,CIK0001048286.json,CashAndCashEquivalentsAtCarryingValue,"{""attributes"": {""accession"": ""0001048286-26-000007"", ""deterministic_router_semantic_version"": ""2"", ""entity"": ""1048286"", ""filed"": ""2026-02-10"", ""fiscal_period"": ""FY"", ""form"": ""10-K"", ""frame"": """"}, ""locator"": {""concept"": ""CashAndCashEquivalentsAtCarryingValue"", ""fact_id"": ""fact:sha256:e5626f544bf30a8a659aebb031e054da00bdaaf4e804a195faf9b56245b4a6be"", ""period_end"": ""2025-12-31"", ""period_start"": ""2025-12-31""}, ""verified_claim_id"": ""sha256:1cf333cc7625946211f01a0351774eede846a52a99273afdf5ca9615169ef71d""}",USD,2025-12-31,2025-12-31,,358000000,"Parsed source fact: {""locator"": {""concept"": ""CashAndCashEquivalentsAtCarryingValue"", ""fact_id"": ""fact:sha256:e5626f544bf30a8a659aebb031e054da00bdaaf4e804a195faf9b56245b4a6be"", ""period_end"": ""2025-12-31"", ""period_start"": ""2025-12-31""}, ""unit"": ""USD"", ""value"": ""358000000""}",ordinary_native_source_projection,ordinary_projection_v1,marriott_international,run:ordinary-integrated:d6c2c5fd9738db0c4b04afe7d4ed9a43bbc4fe6d7d8cf44034dbf0336d83d4c9,sha256:32c4b836060f77a9cd2e354d5267b208d6650870aacbb84da8feeac61d0c1d3b,issue_54_v4,sha256:7e577402fa98974628bf613a3a82e66d79f55385ccce117ea5d1f0cd11d49fa2,sha256:671a25cd86baceec0cd20a6be08cbb225328ce65bf46e91fb435a80ca39da4d9,sha256:671a25cd86baceec0cd20a6be08cbb225328ce65bf46e91fb435a80ca39da4d9,sha256:671a25cd86baceec0cd20a6be08cbb225328ce65bf46e91fb435a80ca39da4d9,,,True,MATCHED,REPLAY_VERIFIED_CONTENT_NOT_ACCEPTED,CANDIDATE_READY,CANDIDATE_READY,True,VERIFIED_SEC_ACQUISITION,,native/B09/7c5763da622442dfac2ca1818567add8,RUN_ARCHIVE_COORDINATE,2025-12-31,2025-12-31,2025,2025-12-31,2025-12-31,NATIVE_REPLAY_VERIFIED,[]
Marriott International,1048286,B10,https://www.sec.gov/Archives/edgar/data/1048286/000104828626000007/mar-20251231.htm,evidence/request_attempts/06/06cb3fb91679730cf46c8687bf9a821b6533c4e518a0f9f60d14fa57afb96505/mar-20251231.htm,06cb3fb91679730cf46c8687bf9a821b6533c4e518a0f9f60d14fa57afb96505,0001048286-26-000007,mar-20251231.htm,Occupancy rate,"{""source_binding"": {""accession"": ""0001048286-26-000007"", ""derived_asset_id"": ""sha256:59fbd0cb00f2288ceb2724e212b6af48a84c5d221328f1188bfff44f4dab9d19"", ""document_name"": ""mar-20251231.htm"", ""entity"": ""1048286"", ""filed"": ""2026-02-10"", ""form"": ""10-K"", ""ordinary_source_policy_hash"": ""sha256:a1a4ab2cdf27d574a17e9f3672f6a318890f13ddf28d5c5500aa26a10cf7e81b"", ""period_basis"": ""EXPLICIT_TABLE_INTRODUCTION_YEAR_AND_COLUMN_WITH_LOCAL_QUALIFIER_CHECK"", ""raw_asset_id"": ""sha256:06cb3fb91679730cf46c8687bf9a821b6533c4e518a0f9f60d14fa57afb96505"", ""reported_raw_text"": ""69.3&#160;"", ""reported_unit"": ""%"", ""reported_value"": ""69.3"", ""source_component_id"": ""sha256:bce835c92b6f4392918a62cf590fd5648fb96c03bdef7cf2afebb13127df8041"", ""source_reference_id"": ""sha256:43cecd37c71017d106d9d30426fada653a5dc490023ddb67da4339c07c48fc4e"", ""source_role"": ""target_primary"", ""source_witnesses"": {""amount"": {""grid_sha256"": ""sha256:8e270aaf65de0b1214a11498d00478194f814d1fb686b0638679eb24cb1e23cf"", ""locator"": {""colspan"": 2, ""column_index"": 15, ""derived_asset_id"": ""sha256:59fbd0cb00f2288ceb2724e212b6af48a84c5d221328f1188bfff44f4dab9d19"", ""origin_column_index"": 15, ""origin_row_index"": 26, ""row_index"": 26, ""rowspan"": 1, ""table_id"": ""table_000011""}, ""raw_text"": ""69.3&#160;"", ""text"": ""69.3""}, ""geography"": {""grid_sha256"": ""sha256:8e270aaf65de0b1214a11498d00478194f814d1fb686b0638679eb24cb1e23cf"", ""locator"": {""colspan"": 3, ""column_index"": 0, ""derived_asset_id"": ""sha256:59fbd0cb00f2288ceb2724e212b6af48a84c5d221328f1188bfff44f4dab9d19"", ""origin_column_index"": 0, ""origin_row_index"": 26, ""row_index"": 26, ""rowspan"": 1, ""table_id"": ""table_000011""}, ""raw_text"": ""\nWorldwide (2)"", ""text"": ""Worldwide (2)""}, ""measure"": {""grid_sha256"": ""sha256:8e270aaf65de0b1214a11498d00478194f814d1fb686b0638679eb24cb1e23cf"", ""locator"": {""colspan"": 12, ""column_index"": 15, ""derived_asset_id"": ""sha256:59fbd0cb00f2288ceb2724e212b6af48a84c5d221328f1188bfff44f4dab9d19"", ""origin_column_index"": 15, ""origin_row_index"": 3, ""row_index"": 3, ""rowspan"": 1, ""table_id"": ""table_000011""}, ""raw_text"": ""Occupancy"", ""text"": ""Occupancy""}, ""population_and_operating_scope"": {""grid_sha256"": ""sha256:8e270aaf65de0b1214a11498d00478194f814d1fb686b0638679eb24cb1e23cf"", ""locator"": {""colspan"": 3, ""column_index"": 0, ""derived_asset_id"": ""sha256:59fbd0cb00f2288ceb2724e212b6af48a84c5d221328f1188bfff44f4dab9d19"", ""origin_column_index"": 0, ""origin_row_index"": 18, ""row_index"": 18, ""rowspan"": 1, ""table_id"": ""table_000011""}, ""raw_text"": ""Comparable Systemwide Properties"", ""text"": ""Comparable Systemwide Properties""}, ""unit"": {""grid_sha256"": ""sha256:8e270aaf65de0b1214a11498d00478194f814d1fb686b0638679eb24cb1e23cf"", ""locator"": {""colspan"": 1, ""column_index"": 17, ""derived_asset_id"": ""sha256:59fbd0cb00f2288ceb2724e212b6af48a84c5d221328f1188bfff44f4dab9d19"", ""origin_column_index"": 17, ""origin_row_index"": 26, ""row_index"": 26, ""rowspan"": 1, ""table_id"": ""table_000011""}, ""raw_text"": ""%"", ""text"": ""%""}, ""year"": {""grid_sha256"": ""sha256:8e270aaf65de0b1214a11498d00478194f814d1fb686b0638679eb24cb1e23cf"", ""locator"": {""colspan"": 3, ""column_index"": 15, ""derived_asset_id"": ""sha256:59fbd0cb00f2288ceb2724e212b6af48a84c5d221328f1188bfff44f4dab9d19"", ""origin_column_index"": 15, ""origin_row_index"": 4, ""row_index"": 4, ""rowspan"": 1, ""table_id"": ""table_000011""}, ""raw_text"": ""2025"", ""text"": ""2025""}}, ""table_locator"": {""colspan"": 2, ""column_index"": 15, ""derived_asset_id"": ""sha256:59fbd0cb00f2288ceb2724e212b6af48a84c5d221328f1188bfff44f4dab9d19"", ""origin_column_index"": 15, ""origin_row_index"": 26, ""row_index"": 26, ""rowspan"": 1, ""table_id"": ""table_000011""}}, ""source_cells"": {""amount"": {""grid_sha256"": ""sha256:8e270aaf65de0b1214a11498d00478194f814d1fb686b0638679eb24cb1e23cf"", ""locator"": {""colspan"": 2, ""column_index"": 15, ""derived_asset_id"": ""sha256:59fbd0cb00f2288ceb2724e212b6af48a84c5d221328f1188bfff44f4dab9d19"", ""origin_column_index"": 15, ""origin_row_index"": 26, ""row_index"": 26, ""rowspan"": 1, ""table_id"": ""table_000011""}, ""raw_text"": ""69.3&#160;"", ""text"": ""69.3""}, ""geography"": {""grid_sha256"": ""sha256:8e270aaf65de0b1214a11498d00478194f814d1fb686b0638679eb24cb1e23cf"", ""locator"": {""colspan"": 3, ""column_index"": 0, ""derived_asset_id"": ""sha256:59fbd0cb00f2288ceb2724e212b6af48a84c5d221328f1188bfff44f4dab9d19"", ""origin_column_index"": 0, ""origin_row_index"": 26, ""row_index"": 26, ""rowspan"": 1, ""table_id"": ""table_000011""}, ""raw_text"": ""\nWorldwide (2)"", ""text"": ""Worldwide (2)""}, ""measure"": {""grid_sha256"": ""sha256:8e270aaf65de0b1214a11498d00478194f814d1fb686b0638679eb24cb1e23cf"", ""locator"": {""colspan"": 12, ""column_index"": 15, ""derived_asset_id"": ""sha256:59fbd0cb00f2288ceb2724e212b6af48a84c5d221328f1188bfff44f4dab9d19"", ""origin_column_index"": 15, ""origin_row_index"": 3, ""row_index"": 3, ""rowspan"": 1, ""table_id"": ""table_000011""}, ""raw_text"": ""Occupancy"", ""text"": ""Occupancy""}, ""population_and_operating_scope"": {""grid_sha256"": ""sha256:8e270aaf65de0b1214a11498d00478194f814d1fb686b0638679eb24cb1e23cf"", ""locator"": {""colspan"": 3, ""column_index"": 0, ""derived_asset_id"": ""sha256:59fbd0cb00f2288ceb2724e212b6af48a84c5d221328f1188bfff44f4dab9d19"", ""origin_column_index"": 0, ""origin_row_index"": 18, ""row_index"": 18, ""rowspan"": 1, ""table_id"": ""table_000011""}, ""raw_text"": ""Comparable Systemwide Properties"", ""text"": ""Comparable Systemwide Properties""}, ""unit"": {""grid_sha256"": ""sha256:8e270aaf65de0b1214a11498d00478194f814d1fb686b0638679eb24cb1e23cf"", ""locator"": {""colspan"": 1, ""column_index"": 17, ""derived_asset_id"": ""sha256:59fbd0cb00f2288ceb2724e212b6af48a84c5d221328f1188bfff44f4dab9d19"", ""origin_column_index"": 17, ""origin_row_index"": 26, ""row_index"": 26, ""rowspan"": 1, ""table_id"": ""table_000011""}, ""raw_text"": ""%"", ""text"": ""%""}, ""year"": {""grid_sha256"": ""sha256:8e270aaf65de0b1214a11498d00478194f814d1fb686b0638679eb24cb1e23cf"", ""locator"": {""colspan"": 3, ""column_index"": 15, ""derived_asset_id"": ""sha256:59fbd0cb00f2288ceb2724e212b6af48a84c5d221328f1188bfff44f4dab9d19"", ""origin_column_index"": 15, ""origin_row_index"": 4, ""row_index"": 4, ""rowspan"": 1, ""table_id"": ""table_000011""}, ""raw_text"": ""2025"", ""text"": ""2025""}}}",percent,2025-01-01,2025-12-31,69.3&#160;,69.3,Source table cell: 69.3&#160;,deterministic_table_source,ordinary_projection_v1,marriott_international,run:ordinary-integrated:70c66ba606835e3f78fc09d63dc1dae06415a783776839863adfdd4cb7eba7e2,sha256:8f30f543fa77894992ea2bc2d0ea63d21b54c4956fa13686b6900f59a59153bf,issue_54_v4,sha256:7e577402fa98974628bf613a3a82e66d79f55385ccce117ea5d1f0cd11d49fa2,sha256:671a25cd86baceec0cd20a6be08cbb225328ce65bf46e91fb435a80ca39da4d9,sha256:671a25cd86baceec0cd20a6be08cbb225328ce65bf46e91fb435a80ca39da4d9,sha256:671a25cd86baceec0cd20a6be08cbb225328ce65bf46e91fb435a80ca39da4d9,,,True,MATCHED,REPLAY_VERIFIED_CONTENT_NOT_ACCEPTED,CANDIDATE_READY,CANDIDATE_READY,True,VERIFIED_SEC_ACQUISITION,,native/B10/4782e8ca19dc49908d9124b9e2b6de15,RUN_ARCHIVE_COORDINATE,2025-01-01,2025-12-31,2025,2025-01-01,2025-12-31,NATIVE_REPLAY_VERIFIED,[]
