timestamp_utc,method,source_url,status_code,purpose,repo_relative_path,headers_repo_relative_path,content_length,content_sha256,accession,document_name,user_agent,retry_attempt,error
2026-10-04T13:16:18.086319+00:00,GET,https://data.sec.gov/submissions/CIK0001048286.json,200,ISSUE28_DECLARED_SOURCE_DEPENDENCY,evidence/request_attempts/2b/2be44c9ebec82f76c6620bb685926ada2649776bbeb6f42d99db44f3b693d708/CIK0001048286.json,evidence/request_attempts/2b/2be44c9ebec82f76c6620bb685926ada2649776bbeb6f42d99db44f3b693d708/CIK0001048286.json.63a28ace1d3c47e6c776c884e999194b41a23459cfb7a0146f77876df525a805.headers.json,148231,2be44c9ebec82f76c6620bb685926ada2649776bbeb6f42d99db44f3b693d708,,CIK0001048286.json,axaxl 12@qq.com,0,
2026-10-04T13:16:20.144107+00:00,GET,https://www.sec.gov/Archives/edgar/data/1048286/000104828626000007/mar-20251231.htm,200,ISSUE28_DECLARED_SOURCE_DEPENDENCY,evidence/request_attempts/20/2068d81830ea882910ef7043026445bae69f925c094dbb40d030de4afc001151/mar-20251231.htm,evidence/request_attempts/20/2068d81830ea882910ef7043026445bae69f925c094dbb40d030de4afc001151/mar-20251231.htm.6c7559643beabd29d09d81fbe59071c08275856d3be3d63a7dda5d78ffea1029.headers.json,2048769,2068d81830ea882910ef7043026445bae69f925c094dbb40d030de4afc001151,0001048286-26-000007,mar-20251231.htm,axaxl 12@qq.com,0,
2026-10-04T13:16:23.588591+00:00,GET,https://data.sec.gov/api/xbrl/companyfacts/CIK0001048286.json,200,ISSUE28_DECLARED_SOURCE_DEPENDENCY,evidence/request_attempts/af/af2fea717f696acfa6f5f2436aa6e4175c3c56ab1628a2e3198964300f32422a/CIK0001048286.json,evidence/request_attempts/af/af2fea717f696acfa6f5f2436aa6e4175c3c56ab1628a2e3198964300f32422a/CIK0001048286.json.0f03ae0d82cf9a44372f5fec0a20b23a7a7f23eb91bbc3629e9b4a696a408928.headers.json,3269111,af2fea717f696acfa6f5f2436aa6e4175c3c56ab1628a2e3198964300f32422a,,CIK0001048286.json,axaxl 12@qq.com,0,
2026-10-04T13:16:29.338773+00:00,GET,https://www.sec.gov/Archives/edgar/data/1048286/000104828626000007/index.json,200,ISSUE28_DECLARED_SOURCE_DEPENDENCY,evidence/request_attempts/a2/a2b20ee4c353b24e3772bfbe4e2b6e43a17f244e63b32a1c70d6d780d46d7398/index.json,evidence/request_attempts/a2/a2b20ee4c353b24e3772bfbe4e2b6e43a17f244e63b32a1c70d6d780d46d7398/index.json.4548a157f66b89bd797f247f4e6a6d635acea132269c5e49f27aa2113f75f761.headers.json,9638,a2b20ee4c353b24e3772bfbe4e2b6e43a17f244e63b32a1c70d6d780d46d7398,0001048286-26-000007,index.json,axaxl 12@qq.com,0,
2026-10-04T13:16:35.201566+00:00,GET,https://www.sec.gov/Archives/edgar/data/1048286/000104828626000007/mar-20251231_htm.xml,200,ISSUE28_DECLARED_SOURCE_DEPENDENCY,evidence/request_attempts/39/39cdb4be609ec4e5e081e68f9be2d83cb8cc29c4ba915afa59a4847a24356150/mar-20251231_htm.xml,evidence/request_attempts/39/39cdb4be609ec4e5e081e68f9be2d83cb8cc29c4ba915afa59a4847a24356150/mar-20251231_htm.xml.af342f8a1177ed76468a090ec5478789cc282005fcb58ffe51cfec1af00ed3d9.headers.json,1596144,39cdb4be609ec4e5e081e68f9be2d83cb8cc29c4ba915afa59a4847a24356150,0001048286-26-000007,mar-20251231_htm.xml,axaxl 12@qq.com,0,
2026-10-04T13:16:40.976283+00:00,GET,https://www.sec.gov/Archives/edgar/data/1048286/000162828025004818/mar-20241231.htm,200,ISSUE28_DECLARED_SOURCE_DEPENDENCY,evidence/request_attempts/1b/1b81a6464bd0094bfde3382b179f3f6b82ca496bab5168df0034badd277d761e/mar-20241231.htm,evidence/request_attempts/1b/1b81a6464bd0094bfde3382b179f3f6b82ca496bab5168df0034badd277d761e/mar-20241231.htm.4ca8f6f36687f1429de41d0cd015f15312ad4d5d724d0eca57f78a39452659fd.headers.json,2047848,1b81a6464bd0094bfde3382b179f3f6b82ca496bab5168df0034badd277d761e,0001628280-25-004818,mar-20241231.htm,axaxl 12@qq.com,0,
2026-10-04T13:16:47.192347+00:00,GET,https://www.sec.gov/Archives/edgar/data/1048286/000162828025004818/index.json,200,ISSUE28_DECLARED_SOURCE_DEPENDENCY,evidence/request_attempts/9b/9bd1132e98da300604df61534c0fada12fc9f6a57be30aefa6b6d47a00b26c7d/index.json,evidence/request_attempts/9b/9bd1132e98da300604df61534c0fada12fc9f6a57be30aefa6b6d47a00b26c7d/index.json.aaeeaf7d9943b8de40209b9a6e08f3bb5f66cad1ae7f6b00af07ae31e3f7fe13.headers.json,9926,9bd1132e98da300604df61534c0fada12fc9f6a57be30aefa6b6d47a00b26c7d,0001628280-25-004818,index.json,axaxl 12@qq.com,0,
2026-10-04T13:16:53.854502+00:00,GET,https://www.sec.gov/Archives/edgar/data/1048286/000162828025004818/mar-20241231_htm.xml,200,ISSUE28_DECLARED_SOURCE_DEPENDENCY,evidence/request_attempts/86/86079986e69065c1c561543f263ba9d1ca2d41fda7ad3cf027be5a855848bbca/mar-20241231_htm.xml,evidence/request_attempts/86/86079986e69065c1c561543f263ba9d1ca2d41fda7ad3cf027be5a855848bbca/mar-20241231_htm.xml.6ce847e0674726bbabccb1699ed8ae6d3a587c1df5223a978ab1e98eeb0b5d85.headers.json,1524188,86079986e69065c1c561543f263ba9d1ca2d41fda7ad3cf027be5a855848bbca,0001628280-25-004818,mar-20241231_htm.xml,axaxl 12@qq.com,0,
2026-10-04T13:17:00.419257+00:00,GET,https://www.sec.gov/Archives/edgar/data/1048286/000114036126011590/ny20062722x771_def14a.htm,200,ISSUE28_DECLARED_SOURCE_DEPENDENCY,evidence/request_attempts/67/67e81cc44b63ce6e947a55582aa6c0cfd1ac5435eb6702b6f804e418d0759d7a/ny20062722x771_def14a.htm,evidence/request_attempts/67/67e81cc44b63ce6e947a55582aa6c0cfd1ac5435eb6702b6f804e418d0759d7a/ny20062722x771_def14a.htm.741905271e3505766ffd2eeba231897537c7777d845bcf0d4eafb41eeecdc48a.headers.json,2617588,67e81cc44b63ce6e947a55582aa6c0cfd1ac5435eb6702b6f804e418d0759d7a,0001140361-26-011590,ny20062722x771_def14a.htm,axaxl 12@qq.com,0,
2026-10-04T13:17:07.063567+00:00,GET,https://www.sec.gov/Archives/edgar/data/1048286/000119312525009110/d890503d8k.htm,200,ISSUE28_DECLARED_SOURCE_DEPENDENCY,evidence/request_attempts/c0/c00ad1fe5fbaf880684b83919d9a5c4b8f8386a20d81e9a983338ea9b3d4732a/d890503d8k.htm,evidence/request_attempts/c0/c00ad1fe5fbaf880684b83919d9a5c4b8f8386a20d81e9a983338ea9b3d4732a/d890503d8k.htm.d7baf1bb0c886d712334de74a04260f32efab29fabe07ac5a011cdd34749e335.headers.json,27015,c00ad1fe5fbaf880684b83919d9a5c4b8f8386a20d81e9a983338ea9b3d4732a,0001193125-25-009110,d890503d8k.htm,axaxl 12@qq.com,0,
2026-10-04T13:17:14.611382+00:00,GET,https://www.sec.gov/Archives/edgar/data/1048286/000119312525009110/0001193125-25-009110.hdr.sgml,200,ISSUE28_DECLARED_SOURCE_DEPENDENCY,evidence/request_attempts/0b/0b7fcc3b211556d4e1426e93c53dc37170a505bdcc8ad1309de1fc9690b2e9f7/0001193125-25-009110.hdr.sgml,evidence/request_attempts/0b/0b7fcc3b211556d4e1426e93c53dc37170a505bdcc8ad1309de1fc9690b2e9f7/0001193125-25-009110.hdr.sgml.196c709f7bec4b4c057d35669ee17b887dfc97d09fb495bc6f7f659dbe65daed.headers.json,965,0b7fcc3b211556d4e1426e93c53dc37170a505bdcc8ad1309de1fc9690b2e9f7,0001193125-25-009110,0001193125-25-009110.hdr.sgml,axaxl 12@qq.com,0,
2026-10-04T13:17:21.662635+00:00,GET,https://www.sec.gov/Archives/edgar/data/1048286/000162828025004772/mar-20250211.htm,200,ISSUE28_DECLARED_SOURCE_DEPENDENCY,evidence/request_attempts/0f/0f1331b0d6bfe870ddf3dd15b1be5a3de1657e2a29a5b98c7972312ff5d51d9d/mar-20250211.htm,evidence/request_attempts/0f/0f1331b0d6bfe870ddf3dd15b1be5a3de1657e2a29a5b98c7972312ff5d51d9d/mar-20250211.htm.fa830c36c7e053c4df63ae20c4e5f37b19c67ea24358e14e96be2c40388d6707.headers.json,35031,0f1331b0d6bfe870ddf3dd15b1be5a3de1657e2a29a5b98c7972312ff5d51d9d,0001628280-25-004772,mar-20250211.htm,axaxl 12@qq.com,0,
2026-10-04T13:17:28.827135+00:00,GET,https://www.sec.gov/Archives/edgar/data/1048286/000162828025004772/0001628280-25-004772.hdr.sgml,200,ISSUE28_DECLARED_SOURCE_DEPENDENCY,evidence/request_attempts/4e/4e94fd03f5e3cb69234b4f7f3983fcf702a37ffb3445d29cd0d3ffaf220b2aff/0001628280-25-004772.hdr.sgml,evidence/request_attempts/4e/4e94fd03f5e3cb69234b4f7f3983fcf702a37ffb3445d29cd0d3ffaf220b2aff/0001628280-25-004772.hdr.sgml.606a88edd6fb3cd1f3ae2f1b5452be8bdcc92936b087332a14cf1430227fc5b7.headers.json,953,4e94fd03f5e3cb69234b4f7f3983fcf702a37ffb3445d29cd0d3ffaf220b2aff,0001628280-25-004772,0001628280-25-004772.hdr.sgml,axaxl 12@qq.com,0,
2026-10-04T13:17:36.371629+00:00,GET,https://www.sec.gov/Archives/edgar/data/1048286/000119312525036732/d927802d8k.htm,200,ISSUE28_DECLARED_SOURCE_DEPENDENCY,evidence/request_attempts/f5/f5c44d216cd0bc0e3b5f4595fef9052cf2c53f83844442d95ce8fb66e52f0ddb/d927802d8k.htm,evidence/request_attempts/f5/f5c44d216cd0bc0e3b5f4595fef9052cf2c53f83844442d95ce8fb66e52f0ddb/d927802d8k.htm.3174b3891dec6aa3471c5f1a5fb8156259c559bf9b48c4615527ba9b8261ac26.headers.json,28358,f5c44d216cd0bc0e3b5f4595fef9052cf2c53f83844442d95ce8fb66e52f0ddb,0001193125-25-036732,d927802d8k.htm,axaxl 12@qq.com,0,
2026-10-04T13:17:44.307019+00:00,GET,https://www.sec.gov/Archives/edgar/data/1048286/000119312525036732/0001193125-25-036732.hdr.sgml,200,ISSUE28_DECLARED_SOURCE_DEPENDENCY,evidence/request_attempts/5b/5b1ea9e16b1b97fb83873f648e991a654d4362e2b0751a82bb7ca94545177f7d/0001193125-25-036732.hdr.sgml,evidence/request_attempts/5b/5b1ea9e16b1b97fb83873f648e991a654d4362e2b0751a82bb7ca94545177f7d/0001193125-25-036732.hdr.sgml.5ba3906022a6f8c546ea12395153ef3cc000d87c784687bfd086b54baf0f4536.headers.json,953,5b1ea9e16b1b97fb83873f648e991a654d4362e2b0751a82bb7ca94545177f7d,0001193125-25-036732,0001193125-25-036732.hdr.sgml,axaxl 12@qq.com,0,
2026-10-04T13:17:52.287481+00:00,GET,https://www.sec.gov/Archives/edgar/data/1048286/000162828025022390/mar-20250506.htm,200,ISSUE28_DECLARED_SOURCE_DEPENDENCY,evidence/request_attempts/4e/4e27f8c94fe90b7e20d718cc413bcd0dee15542655c03c2dc019a22701683f7a/mar-20250506.htm,evidence/request_attempts/4e/4e27f8c94fe90b7e20d718cc413bcd0dee15542655c03c2dc019a22701683f7a/mar-20250506.htm.26a916d2ce52193e1b4078c811393b8e6aa4c77bbfa4f2fb400e650a455003d1.headers.json,35882,4e27f8c94fe90b7e20d718cc413bcd0dee15542655c03c2dc019a22701683f7a,0001628280-25-022390,mar-20250506.htm,axaxl 12@qq.com,0,
2026-10-04T13:18:01.110100+00:00,GET,https://www.sec.gov/Archives/edgar/data/1048286/000162828025022390/0001628280-25-022390.hdr.sgml,200,ISSUE28_DECLARED_SOURCE_DEPENDENCY,evidence/request_attempts/33/33c79bd1b02375176040dde689e87ac5dc1fc731b97781972c6718697dc45063/0001628280-25-022390.hdr.sgml,evidence/request_attempts/33/33c79bd1b02375176040dde689e87ac5dc1fc731b97781972c6718697dc45063/0001628280-25-022390.hdr.sgml.dff719db7d721be8e8a7510ce268767e5248fec45bfca164a4cb4ae2951b89e0.headers.json,953,33c79bd1b02375176040dde689e87ac5dc1fc731b97781972c6718697dc45063,0001628280-25-022390,0001628280-25-022390.hdr.sgml,axaxl 12@qq.com,0,
2026-10-04T13:18:10.025896+00:00,GET,https://www.sec.gov/Archives/edgar/data/1048286/000119312525118853/d888404d8k.htm,200,ISSUE28_DECLARED_SOURCE_DEPENDENCY,evidence/request_attempts/16/16a15efade61777d4cedff3f5f533ddd8d0aaf2822914533bdc611d3cc090a0b/d888404d8k.htm,evidence/request_attempts/16/16a15efade61777d4cedff3f5f533ddd8d0aaf2822914533bdc611d3cc090a0b/d888404d8k.htm.a51059a7bb8383ae0e50daedce192b5cf1d2cee22dc15de21184a91cffd543a6.headers.json,48711,16a15efade61777d4cedff3f5f533ddd8d0aaf2822914533bdc611d3cc090a0b,0001193125-25-118853,d888404d8k.htm,axaxl 12@qq.com,0,
2026-10-04T13:18:18.729436+00:00,GET,https://www.sec.gov/Archives/edgar/data/1048286/000119312525118853/0001193125-25-118853.hdr.sgml,200,ISSUE28_DECLARED_SOURCE_DEPENDENCY,evidence/request_attempts/8c/8c67669ade683e3325ec92076dbc2c6bba0a3a88b2bed1e9aa0389e079c99177/0001193125-25-118853.hdr.sgml,evidence/request_attempts/8c/8c67669ade683e3325ec92076dbc2c6bba0a3a88b2bed1e9aa0389e079c99177/0001193125-25-118853.hdr.sgml.950c0851d4c902adac8df6031ec30d0ffacaf378447a8b288a06fc345d070995.headers.json,941,8c67669ade683e3325ec92076dbc2c6bba0a3a88b2bed1e9aa0389e079c99177,0001193125-25-118853,0001193125-25-118853.hdr.sgml,axaxl 12@qq.com,0,
2026-10-04T13:18:27.851347+00:00,GET,https://www.sec.gov/Archives/edgar/data/1048286/000119312525118861/d935320d8ka.htm,200,ISSUE28_DECLARED_SOURCE_DEPENDENCY,evidence/request_attempts/a2/a26ba0fd1eefc46cdf89fbc9233abb1f82fb3cc8795e65a43bf6acada723b347/d935320d8ka.htm,evidence/request_attempts/a2/a26ba0fd1eefc46cdf89fbc9233abb1f82fb3cc8795e65a43bf6acada723b347/d935320d8ka.htm.7a780710995f6f435f5b86f52520c734ee99b06c00142370a1c1ae5af11b6ca8.headers.json,22838,a26ba0fd1eefc46cdf89fbc9233abb1f82fb3cc8795e65a43bf6acada723b347,0001193125-25-118861,d935320d8ka.htm,axaxl 12@qq.com,0,
2026-10-04T13:18:37.526300+00:00,GET,https://www.sec.gov/Archives/edgar/data/1048286/000119312525118861/0001193125-25-118861.hdr.sgml,200,ISSUE28_DECLARED_SOURCE_DEPENDENCY,evidence/request_attempts/dc/dceca997691cdbc0425a03c514b044a38d87b93062797c344b7e5dd45dd78602/0001193125-25-118861.hdr.sgml,evidence/request_attempts/dc/dceca997691cdbc0425a03c514b044a38d87b93062797c344b7e5dd45dd78602/0001193125-25-118861.hdr.sgml.b8cbe5f67ffdaf6811000d44b30c02ae7cb0946667054fc6932767d5204c2044.headers.json,945,dceca997691cdbc0425a03c514b044a38d87b93062797c344b7e5dd45dd78602,0001193125-25-118861,0001193125-25-118861.hdr.sgml,axaxl 12@qq.com,0,
2026-10-04T13:18:48.053443+00:00,GET,https://www.sec.gov/Archives/edgar/data/1048286/000119312525158742/d858138d8k.htm,200,ISSUE28_DECLARED_SOURCE_DEPENDENCY,evidence/request_attempts/cd/cdb2de7bb80ba8b002b728a36a15de730e132ce8c9d32af35f8bf95fbe87d102/d858138d8k.htm,evidence/request_attempts/cd/cdb2de7bb80ba8b002b728a36a15de730e132ce8c9d32af35f8bf95fbe87d102/d858138d8k.htm.67c1ad3c0ad1758f107d7cf8c78cafe8ce681829984f84873a093fddfe04d9f5.headers.json,26059,cdb2de7bb80ba8b002b728a36a15de730e132ce8c9d32af35f8bf95fbe87d102,0001193125-25-158742,d858138d8k.htm,axaxl 12@qq.com,0,
2026-10-04T13:18:58.248980+00:00,GET,https://www.sec.gov/Archives/edgar/data/1048286/000119312525158742/0001193125-25-158742.hdr.sgml,200,ISSUE28_DECLARED_SOURCE_DEPENDENCY,evidence/request_attempts/12/12606dfc17776def4d014b710c69365107ba57352ff38843233a631bba6bef4e/0001193125-25-158742.hdr.sgml,evidence/request_attempts/12/12606dfc17776def4d014b710c69365107ba57352ff38843233a631bba6bef4e/0001193125-25-158742.hdr.sgml.a7824084a2f5198de74da26fb4e48e03b1b9c364dadfb1f2ba774874cb4649a2.headers.json,966,12606dfc17776def4d014b710c69365107ba57352ff38843233a631bba6bef4e,0001193125-25-158742,0001193125-25-158742.hdr.sgml,axaxl 12@qq.com,0,
2026-10-04T13:19:08.504535+00:00,GET,https://www.sec.gov/Archives/edgar/data/1048286/000162828025037592/mar-20250805.htm,200,ISSUE28_DECLARED_SOURCE_DEPENDENCY,evidence/request_attempts/f2/f2dbff084162203e09086fe513ec5436ede912c4868220b64c775bc49f7f6752/mar-20250805.htm,evidence/request_attempts/f2/f2dbff084162203e09086fe513ec5436ede912c4868220b64c775bc49f7f6752/mar-20250805.htm.cdc1de6bda33a8cefc51be8d844da5251574e6c341ba1e20b0c03f21f643e013.headers.json,35239,f2dbff084162203e09086fe513ec5436ede912c4868220b64c775bc49f7f6752,0001628280-25-037592,mar-20250805.htm,axaxl 12@qq.com,0,
2026-10-04T13:19:19.590882+00:00,GET,https://www.sec.gov/Archives/edgar/data/1048286/000162828025037592/0001628280-25-037592.hdr.sgml,200,ISSUE28_DECLARED_SOURCE_DEPENDENCY,evidence/request_attempts/9c/9c277c824dbe666f4e8ce126dd384f2e7db10f387e0e3e236528915755b29e81/0001628280-25-037592.hdr.sgml,evidence/request_attempts/9c/9c277c824dbe666f4e8ce126dd384f2e7db10f387e0e3e236528915755b29e81/0001628280-25-037592.hdr.sgml.cee2611098cf861cedd9d65c10bdc5fed24bfa073e9df9b443d12393cee911b3.headers.json,954,9c277c824dbe666f4e8ce126dd384f2e7db10f387e0e3e236528915755b29e81,0001628280-25-037592,0001628280-25-037592.hdr.sgml,axaxl 12@qq.com,0,
2026-10-04T13:19:31.034377+00:00,GET,https://www.sec.gov/Archives/edgar/data/1048286/000119312525184082/d52476d8k.htm,200,ISSUE28_DECLARED_SOURCE_DEPENDENCY,evidence/request_attempts/87/872eb7ecdb3d9f6b66366f0836a6468a0952c0a1213095e56e798e925e962e7e/d52476d8k.htm,evidence/request_attempts/87/872eb7ecdb3d9f6b66366f0836a6468a0952c0a1213095e56e798e925e962e7e/d52476d8k.htm.03e8a7af2a66db7249fd56c39a9febd3117c60cc748fd0dfa3cf150d1fc42fb9.headers.json,29824,872eb7ecdb3d9f6b66366f0836a6468a0952c0a1213095e56e798e925e962e7e,0001193125-25-184082,d52476d8k.htm,axaxl 12@qq.com,0,
2026-10-04T13:19:43.026909+00:00,GET,https://www.sec.gov/Archives/edgar/data/1048286/000119312525184082/0001193125-25-184082.hdr.sgml,200,ISSUE28_DECLARED_SOURCE_DEPENDENCY,evidence/request_attempts/6b/6b75de95cabe026c29bf30a19e7f03309d9021f9fb182e407b8fd455828fc152/0001193125-25-184082.hdr.sgml,evidence/request_attempts/6b/6b75de95cabe026c29bf30a19e7f03309d9021f9fb182e407b8fd455828fc152/0001193125-25-184082.hdr.sgml.4d2783a0f60fb27a6ac9ced40b08743859f864474843a71561a42c3eb303ced8.headers.json,954,6b75de95cabe026c29bf30a19e7f03309d9021f9fb182e407b8fd455828fc152,0001193125-25-184082,0001193125-25-184082.hdr.sgml,axaxl 12@qq.com,0,
2026-10-04T13:19:55.310596+00:00,GET,https://www.sec.gov/Archives/edgar/data/1048286/000104828625000011/mar-20251104.htm,200,ISSUE28_DECLARED_SOURCE_DEPENDENCY,evidence/request_attempts/8a/8aeda086b49ab8d442070b49b6dbfb6a4f2cd3b22266e5546779120f2166ba8d/mar-20251104.htm,evidence/request_attempts/8a/8aeda086b49ab8d442070b49b6dbfb6a4f2cd3b22266e5546779120f2166ba8d/mar-20251104.htm.dc7a7a43213f6c5dc3a5450df46f83fbb0bbe9b2037f715017124e0ef6f61869.headers.json,34866,8aeda086b49ab8d442070b49b6dbfb6a4f2cd3b22266e5546779120f2166ba8d,0001048286-25-000011,mar-20251104.htm,axaxl 12@qq.com,0,
2026-10-04T13:20:07.718631+00:00,GET,https://www.sec.gov/Archives/edgar/data/1048286/000104828625000011/0001048286-25-000011.hdr.sgml,200,ISSUE28_DECLARED_SOURCE_DEPENDENCY,evidence/request_attempts/cf/cffee82d3fb74d0b67b74698f2e0f3c270f69a8d2dcf21a5ba70dee3f2aac46e/0001048286-25-000011.hdr.sgml,evidence/request_attempts/cf/cffee82d3fb74d0b67b74698f2e0f3c270f69a8d2dcf21a5ba70dee3f2aac46e/0001048286-25-000011.hdr.sgml.5685e4a92f3747b510111609365ded3718e4f4a883d06cb9a2f0d988a66ebcc0.headers.json,954,cffee82d3fb74d0b67b74698f2e0f3c270f69a8d2dcf21a5ba70dee3f2aac46e,0001048286-25-000011,0001048286-25-000011.hdr.sgml,axaxl 12@qq.com,0,
2026-10-04T13:50:03.981323+00:00,GET,https://data.sec.gov/submissions/CIK0001048286.json,200,ISSUE28_DECLARED_SOURCE_DEPENDENCY,evidence/request_attempts/2b/2be44c9ebec82f76c6620bb685926ada2649776bbeb6f42d99db44f3b693d708/CIK0001048286.json,evidence/request_attempts/2b/2be44c9ebec82f76c6620bb685926ada2649776bbeb6f42d99db44f3b693d708/CIK0001048286.json.2b44915485a5197683d63a4fa4af7e3840f7fae20d889a083739d14b9d535820.headers.json,148231,2be44c9ebec82f76c6620bb685926ada2649776bbeb6f42d99db44f3b693d708,,CIK0001048286.json,axaxl 12@qq.com,0,
2026-10-04T13:50:18.505149+00:00,GET,https://data.sec.gov/api/xbrl/companyfacts/CIK0001048286.json,200,ISSUE28_DECLARED_SOURCE_DEPENDENCY,evidence/request_attempts/af/af2fea717f696acfa6f5f2436aa6e4175c3c56ab1628a2e3198964300f32422a/CIK0001048286.json,evidence/request_attempts/af/af2fea717f696acfa6f5f2436aa6e4175c3c56ab1628a2e3198964300f32422a/CIK0001048286.json.a5b7ca19930e79133824e91d5a6b5d78858409774842f699065bac47af529966.headers.json,3269111,af2fea717f696acfa6f5f2436aa6e4175c3c56ab1628a2e3198964300f32422a,,CIK0001048286.json,axaxl 12@qq.com,0,
