company,cik,metric_id,metric_name,value,unit,status,source_class,formula,period_start,period_end,fiscal_year,fiscal_period,accession,form,filed_date,concept_or_section,context_or_dimension,confidence,notes,company_id,result_id,record_root,source_root,local_metric_status,period_role,result_validity,source_observation_status,defect_holds,requested_in_latest_execution
Marriott International,1048286,C04,Auditor changes,,flag,WITHHELD,DERIVED,source-verified auditor change signal,2021-01-01,2021-12-31,2021,TARGET_PERIOD,,10-K,2022-02-15,,"{""annual_filing_period"": {""fiscal_year"": 2021, ""period_end"": ""2021-12-31"", ""period_start"": ""2021-01-01""}, ""measurement_kind"": ""TARGET_PERIOD"", ""scope"": {""entity_scope"": ""registrant""}, ""selection"": {""event_forms"": [""8-K"", ""8-K/A"", ""8-K12B"", ""8-K12B/A""], ""event_source_set_ids"": [""sha256:56a76de390f2b9e447d41eade30a456d978c5306d9d623317802d25fda661e9b""], ""matched_item_4_01_claim_ids"": [], ""names_differ"": null, ""reason_code"": ""C04_COMPARABLE_AUDITOR_FACTS_MISSING"", ""resolver"": ""auditor_change_registration_filings_v3"", ""same_cik_prior_status"": ""SAME_CIK_PRIOR_DISCOVERED"", ""selected_current_accession"": ""0001628280-22-002666"", ""selection_id"": ""sha256:08eb4f2740493f3fcb18e3d6690fccf37a10982ae66c3cf45f64c8582bd52993""}, ""source_reference_ids"": [""sha256:c37238976da80a6d94cfdac4177c453af617a627c1651f9bb071a20ad8ab2dfe"", ""sha256:7f8156c3c03d25d0dec877742adb193c86fa52ecb0a3816d0cb73dcc94c802fe"", ""sha256:7718849066b9ad05121e9ef79a05acfa9151524ad2c7e734c8afc9e2a9514856"", ""sha256:d0c992921c09a5397ceb543f3ceadb77c0de62273773b81ceec4836d559e37b0"", ""sha256:2b6e7dfd15eb65385b0da240d48ab60c9b0f3e45b47c1259d93fcd12fa887cf9"", ""sha256:933f05ce5fbf6667ed37f2f40cb13808bd8e6135cfe4c75c92ed5ae965a5a27c"", ""sha256:40610e379077b8a33a5af2f7c56b937777227d9ceda8b6f41b9cc4a5a9d0df49"", ""sha256:54216c638a952f92284fa14038948094f87281cc2003e51e8a91bacf3b0e8691"", ""sha256:9d0b9c26ce13c6f44a0c2df52bec5573534add9f21282355dbab9352db20419e"", ""sha256:34153e7349860785153732671cdf349fc0738f8e952a92dea2e44686aeb07406"", ""sha256:bcc6ea02a17567b3f0fc1700a33979263c410059b83b7b22ce52607ea69c7fa7"", ""sha256:be3e1cd86e8288dd339e450b2d3fa7673a6a010ed6b2994dbef898e3f3701161"", ""sha256:afa17942f8975432aa2daa22ad7d35c38297ba5b635a2f4bc2a844063f241790"", ""sha256:adbd8a7a88f10eb9e8f28aff013c04871e339ba74289a8d7a85bb4ccb7937881"", ""sha256:b71090c0860313f7a5dcf3c889f55b0f74b0b93dcec02329723f88be44fd2946"", ""sha256:f2c5ba386243798ed80e56c731c2bd2dd2222ad121524bde57b6720b9017b920"", ""sha256:8694b4b70aaee25774ab62c62f69c5df42feacb5cbb7d6a74be49b4a00d248f3"", ""sha256:663d5c5d5bc3e36582e4bbb8e8ecba7314f54f6e2acca6958a664ca8b48d33d2"", ""sha256:3ceac4f408ef6037287cd646ccee4bd3d7817aeb879eaea558419b0226670cd9"", ""sha256:92b9712b0c423426a7cfa0becdfc6a6652bb8864eed6abb3ce94635165b0cf11"", ""sha256:0f6786dabda2db1755df063936e89d6da25a3246022c7256bc5e0a5fd7241b48"", ""sha256:16bb366c3cd0e11073579551d04824cb718bfe78fa2531378da67162df44cd9f"", ""sha256:05e97be558e18060426b9466f4ecc3bcbdfe021d876b460ea574a077d23c549c"", ""sha256:bb8b0216fc6740e7ae96cd8cb38b4648afe7b50d4bf515a77b4bae4ef3a8ad56"", ""sha256:a21b4a74fc303012f9ab613ea5b291fbe681c2bdd91877446e6fa1577fc7c5ed"", ""sha256:1f5a78cf1c4cabb7c4ffbf989c6d0896135d7ba4678748eb343f7a1fae744df3"", ""sha256:a741f8e17962092b49edfe34b4cd5cf9c5555f299b91b76d48dc7f88a850d53f"", ""sha256:e4b24fce23b773f9d4d8c47d7c6bf4ca15befa5f48264f061a878e50a1f9c7f8"", ""sha256:bc2f339a32e5adf64ab1437872595cb16dfd94594d4c759c16a6bf6286fb7fe1"", ""sha256:66575a582d8ded6d162ae18cf5e70bf9348b69bc0b00a910aa374e77a11978ca"", ""sha256:37f013846aabaa32e4aa516a885498293dd3a09b87ab0e157cd0a57350ebca21"", ""sha256:4bd0cc0cd777ed11ddcce0e409d9ba1756b3f297cff443a944324021d372cc3d"", ""sha256:a1d85035f37e17d2b6f9cde7a7577b78a5df78c0daa1e059d3a893f915b3ccc2"", ""sha256:37740fa0050c02053d4a96ab861fa55ef5f207934af846be353b612ae965914e"", ""sha256:90c06b517937b60525ddd735933c6ff48727b880b9440738d83a078c72809356"", ""sha256:216dbf99f92353d8d76d712c35044db3756c2f27301e765385b28f063984c9d2"", ""sha256:a45763f32c9beaf18abf324eca03920f1c0b8726622694cee17e01193a74982d"", ""sha256:5880c839b5cd363af20b7532c98cb99ddcfe7457cfb7871bf4f331e159c887c6"", ""sha256:331a3298dbf0903b2a027704fcf09e60ab3683e76a9679e49a1f38cbd7bbb4ed""]}",,1 means an auditor-change signal was verified; 0 requires completed auditor-name and event-coverage checks. Neither is a probability. No accepted value is asserted for this target period. Native state: WITHHELD; reason: C04_COMPARABLE_AUDITOR_FACTS_MISSING.,marriott_international,sha256:96d706ba656054837b36e23dd3b0dc7026f83341076030a28c0b3dd54169a6a5,/Users/lyuhongwang/.local/state/sec_metrics/issue47-development-evidence/annual-earnings-marriott-20261009/state/updates/C04/periods/FY2021/results/6e0eb88dd9174709b6406f744bdf5287,/Users/lyuhongwang/.codex/worktrees/7e99/SEC_metrics-issue47-company-verified-source-20261006/source-inputs,PREVIOUS_INPUT_WITHHELD,REQUESTED_RESULT,SAVED_RECORD_CHECKED_CONTENT_NOT_ACCEPTED,NOT_CHECKED_BY_SAVED_READER,[],True
Marriott International,1048286,C04,Auditor changes,0,flag,OK,DERIVED,source-verified auditor change signal,2022-01-01,2022-12-31,2022,ANNUAL,0001628280-23-003485,10-K,2023-02-14,Auditor changes,"{""annual_filing_period"": {""fiscal_year"": 2022, ""period_end"": ""2022-12-31"", ""period_start"": ""2022-01-01""}, ""measurement_kind"": ""ANNUAL"", ""scope"": {""entity_scope"": ""registrant""}, ""selection"": {""event_forms"": [""8-K"", ""8-K/A"", ""8-K12B"", ""8-K12B/A""], ""event_source_set_ids"": [""sha256:654219bd98bfb54d3b60f9f91d1ba156fe2eb613510e9ce67672ef63249d7284""], ""matched_item_4_01_claim_ids"": [], ""names_differ"": false, ""reason_code"": ""PASS"", ""resolver"": ""auditor_change_registration_filings_v3"", ""same_cik_prior_status"": ""SAME_CIK_PRIOR_DISCOVERED"", ""selected_current_accession"": ""0001628280-23-003485"", ""selection_id"": ""sha256:a3653d04842e6bd7429343deb47da226d2932dcfa3106286f4d90f1fa9b38d21""}, ""source_reference_ids"": [""sha256:c37238976da80a6d94cfdac4177c453af617a627c1651f9bb071a20ad8ab2dfe"", ""sha256:8dbd703eeca276eaff649a13634f5b044dcd539a4aa60d8c63fbe67012536d08"", ""sha256:2cfa8e22f878904ba4e76fda770806aef5850aef5575c84202f7840c149ce1fe"", ""sha256:5c52fe5d4bfa948787dcbb4dc0c94753b4386277e72cb5de0faa16d51132e16c"", ""sha256:c959a45a340da9916489efeb6c8cc78a2c89a08ad53b469b40a25e9c95a1a00f"", ""sha256:7718849066b9ad05121e9ef79a05acfa9151524ad2c7e734c8afc9e2a9514856"", ""sha256:d0c992921c09a5397ceb543f3ceadb77c0de62273773b81ceec4836d559e37b0"", ""sha256:2b6e7dfd15eb65385b0da240d48ab60c9b0f3e45b47c1259d93fcd12fa887cf9"", ""sha256:a8d735aedc2b99ab7ceab31c1987ee7f59387baf242f7427e7a6632d06ec6c6c"", ""sha256:d154557013e15de529b485a4116b94770f07316f81e7066228fdbe22de126228"", ""sha256:8be206ac4e1dde91fac07498410439c5bc143c1da1ab79765b08a588c7c86828"", ""sha256:e9bd3ddd4a5b474a876bce75519d2c3af1951884ec93536e9aa07f645cbc3827"", ""sha256:af13770066275a43db1eef73ee5f0536a2631a2c27d09a0093fd4d6542363626"", ""sha256:0db1161856e0f42dfa6623388519dc0a2c6d8276c99f02874670fe9063cc887a"", ""sha256:aa64018c54919c7d5b798a02ebb648f0704770ec2e86597e6ff1e0c44dad9962"", ""sha256:f5f20c0024822aaa65d8e511c0181da4923ab1f51a3cf4a20c7bba85d30a9db0"", ""sha256:744a5ab84e762b54243999f830d0caea429ee6e64610096bf9929389a745a5a5"", ""sha256:2727b02894acba7bd5db287c2a526da52d38bee62c605d0be161ef77a6237b6f"", ""sha256:0b62591cf18a1afc8945ecd63368e368c8857f23bd13d3d33a2b6a1ebe57dee4"", ""sha256:c2484cb9ee732cbb1515b4ef2e5d67db8422d249ab1c417e99ddec56e2ab20fa"", ""sha256:cdd9f4c8aea43a3c201c593db42a31bc9f11863d531d078129d1c04f227d45ea"", ""sha256:0eb16dc0324c183588206935028bde7df25df3a9e8286bdf8444a9e846891232"", ""sha256:99f74039afc3d3988960bc5858dd8f559ba3630d7e3c3d3f666108bdd9c17c5c"", ""sha256:ede49fb45ec54858d0a88a137690e27e0ce987e9c400814d328730adde98f0a2"", ""sha256:36490173837382fb908d214ee5bbfdf89e56b38bf7a63836bdb8dbdc14475207"", ""sha256:0489ca3e87941a726855bc579121c0d6e49c71ec2f63493179d8bbb04deb4ce3""]}",,1 means an auditor-change signal was verified; 0 requires completed auditor-name and event-coverage checks. Neither is a probability. Measurement covers the source fiscal-year interval. Native state: PUBLISHED; reason: PASS.,marriott_international,sha256:0909a25d94d15f701a5fcaeb33fa1bc5dff83a7931b109cf20357c92eec0c297,/Users/lyuhongwang/.local/state/sec_metrics/issue47-development-evidence/annual-earnings-marriott-20261009/state/updates/C04/periods/FY2022/results/b41177c5ecd5410fad60e1b7f8bf393e,/Users/lyuhongwang/.codex/worktrees/7e99/SEC_metrics-issue47-company-verified-source-20261006/source-inputs,NO_SOURCE_CONTENT_CHANGE,REQUESTED_RESULT,SAVED_RECORD_CHECKED_CONTENT_NOT_ACCEPTED,NOT_CHECKED_BY_SAVED_READER,[],True
Marriott International,1048286,C04,Auditor changes,0,flag,OK,DERIVED,source-verified auditor change signal,2023-01-01,2023-12-31,2023,ANNUAL,0001628280-24-004372,10-K,2024-02-13,Auditor changes,"{""annual_filing_period"": {""fiscal_year"": 2023, ""period_end"": ""2023-12-31"", ""period_start"": ""2023-01-01""}, ""measurement_kind"": ""ANNUAL"", ""scope"": {""entity_scope"": ""registrant""}, ""selection"": {""event_forms"": [""8-K"", ""8-K/A"", ""8-K12B"", ""8-K12B/A""], ""event_source_set_ids"": [""sha256:368a9a2a858fa99a935fd109ee53d2bcacdefc8ddfeb600f4a017ab96a3534c6""], ""matched_item_4_01_claim_ids"": [], ""names_differ"": false, ""reason_code"": ""PASS"", ""resolver"": ""auditor_change_registration_filings_v3"", ""same_cik_prior_status"": ""SAME_CIK_PRIOR_DISCOVERED"", ""selected_current_accession"": ""0001628280-24-004372"", ""selection_id"": ""sha256:f6ef1786ac86156b4f6771559ffd48c1d0e18eeaf002e5e3466a13b6d5d85939""}, ""source_reference_ids"": [""sha256:c37238976da80a6d94cfdac4177c453af617a627c1651f9bb071a20ad8ab2dfe"", ""sha256:c78685fbc9c806be8fef591c442fc95ce02a6082ade54d8923a9aeae10e1b582"", ""sha256:71afedc392ecfe24fec6cd6bc9fc83d50d50f196d263bf0edb06ddc15e24a229"", ""sha256:7cf0e5ed84b13e459c4d010ac18c1bae2229587a8ce78a4fff367018cf7743d4"", ""sha256:79e06655e482136c976afbb4f64af60399ff8720811ceada0ed6911970bb168e"", ""sha256:2cfa8e22f878904ba4e76fda770806aef5850aef5575c84202f7840c149ce1fe"", ""sha256:5c52fe5d4bfa948787dcbb4dc0c94753b4386277e72cb5de0faa16d51132e16c"", ""sha256:c959a45a340da9916489efeb6c8cc78a2c89a08ad53b469b40a25e9c95a1a00f"", ""sha256:87402ea53e07acceb48e28c5dcefc612e75c0e189597278199f4700da4ce6713"", ""sha256:e8acff978245086046fd4079e4a379277e18a81970a82008526b4b25dba78c79"", ""sha256:679bad4fc31d6c66e8de8e04280c51b2fd481c3e994b01ada101ebfc11bfb525"", ""sha256:150d4f2588b81c916b22ea770f6b181e8e1ddf3cf1130320390b0aaab9fb2a93"", ""sha256:70742966be01fa23fbde3609197f1f69e1cfab53b42e4c377f8a034f766bb080"", ""sha256:583ed39d43e019a5786fdbf10fdf8982ade7120ae45cb2b6178d5a69287d9355"", ""sha256:fd3a9b73bd26efa6323eb632761f03939d814eb251dfcb44bc3376e8c1229af4"", ""sha256:cdfb5ef2f59677b13141b290d1e0f1d364a0ad222a0056c2deba16cabaf9f119"", ""sha256:764da89c8d699d01bd54c5dbdc816067b5a06536e12b5a3eb44b81899865c860"", ""sha256:bdbff20997b01bdccfd9d93af1a849e8b61d505654037d85fa867598e8396edc"", ""sha256:6ab199cfa473248dae4e5ae6107f39cf9f0cb82ec7c1da0b8f1b51ee2d312cae"", ""sha256:237816b020bec2f5584b2234def3ca9d7d7dbd24c027832f39543db1fec9b879"", ""sha256:a8582f2fa466c87dd61d6172175c383e9f1c93da8af7baeaad50218867c07f7a"", ""sha256:f18e5d127a04a387558f79ba227a50e509fd6f48b35e7cd3f94c08ef3e64b653"", ""sha256:baa7fc34a034cf649bca0dac70c5b1ef899372a9f90634f589776201e37cee41"", ""sha256:d7ab7a08f63c41cdea59a93ec2a32d222369f6090dd7560ad5abb6d6904bc5ee"", ""sha256:2585bd82fc4560a79f2be0dd7d3d79de670c92b2dc99cd6d4accc933eedd6803"", ""sha256:9d649a800b8153bc5ccb7291bf91fd63b0c7453f8deb258201166e711860c547"", ""sha256:563eb32e645b1d3ec5ee2c6b83699f292f168610d02ffe43a2c27ca1b196329f"", ""sha256:734dbb4abff3a6e813c7d2314a6814c64972819fdf99524211a767e8d96aec42"", ""sha256:4cca9ee176703d1766e919cc8724ef32c8e61aff795f44dcf6fb61987f10a6b4"", ""sha256:86d788aaf86d9ecc2ecf7320a0416394f66054e09275f07d93ee176f892f8f28"", ""sha256:1d7d03de0393081c0964959fc580fa554736bec851b512e5e074aa88f5066604"", ""sha256:a3ce4d0e79c652748716dd114156fc2bc5eaa85eab0ad5f0b4ef0c36effc6133""]}",,1 means an auditor-change signal was verified; 0 requires completed auditor-name and event-coverage checks. Neither is a probability. Measurement covers the source fiscal-year interval. Native state: PUBLISHED; reason: PASS.,marriott_international,sha256:ba5668b55d730b0b8c34c56c58a17f083de7e7c9ad12ce0e43581de458b63638,/Users/lyuhongwang/.local/state/sec_metrics/issue47-development-evidence/annual-earnings-marriott-20261009/state/updates/C04/periods/FY2023/results/c8f084d753bf40dba305c1f9a6120712,/Users/lyuhongwang/.codex/worktrees/7e99/SEC_metrics-issue47-company-verified-source-20261006/source-inputs,NO_SOURCE_CONTENT_CHANGE,REQUESTED_RESULT,SAVED_RECORD_CHECKED_CONTENT_NOT_ACCEPTED,NOT_CHECKED_BY_SAVED_READER,[],True
Marriott International,1048286,C04,Auditor changes,0,flag,OK,DERIVED,source-verified auditor change signal,2024-01-01,2024-12-31,2024,ANNUAL,0001628280-25-004818,10-K,2025-02-11,Auditor changes,"{""annual_filing_period"": {""fiscal_year"": 2024, ""period_end"": ""2024-12-31"", ""period_start"": ""2024-01-01""}, ""measurement_kind"": ""ANNUAL"", ""scope"": {""entity_scope"": ""registrant""}, ""selection"": {""event_forms"": [""8-K"", ""8-K/A"", ""8-K12B"", ""8-K12B/A""], ""event_source_set_ids"": [""sha256:6f72e4c0f49bbf66d386acf0113f3f392dbb2b4c3930c646cb7c8f82d0aad2de""], ""matched_item_4_01_claim_ids"": [], ""names_differ"": false, ""reason_code"": ""PASS"", ""resolver"": ""auditor_change_registration_filings_v3"", ""same_cik_prior_status"": ""SAME_CIK_PRIOR_DISCOVERED"", ""selected_current_accession"": ""0001628280-25-004818"", ""selection_id"": ""sha256:81974b8e1a3c5df6725c43903b79911676bef6b9622eafd9e02dfc0535faa74e""}, ""source_reference_ids"": [""sha256:c37238976da80a6d94cfdac4177c453af617a627c1651f9bb071a20ad8ab2dfe"", ""sha256:63687b69a68ec70135351fc580e0a0d4f4f9d369bfc8a4f087772217b312a630"", ""sha256:bf544d4ea45fb264453b4e0afbb986e366f93c73b43e55513e95741b1453b855"", ""sha256:55e9e079de35bef789ad24d17f01994aa62ef97832ecf581e6052ec6c1c9dc88"", ""sha256:d7e4a9f6a5d5012058bd282dd004fb61de6f9a22c34c82eecc6644f85dc829a2"", ""sha256:71afedc392ecfe24fec6cd6bc9fc83d50d50f196d263bf0edb06ddc15e24a229"", ""sha256:7cf0e5ed84b13e459c4d010ac18c1bae2229587a8ce78a4fff367018cf7743d4"", ""sha256:79e06655e482136c976afbb4f64af60399ff8720811ceada0ed6911970bb168e"", ""sha256:6085928c19a7578cb941cc7788d03eb0ff60604f2722b7ee095baf7fbeed1ac7"", ""sha256:757098f43f370f01624206ccc57b6d8450b987f0fc966db59b35b415612c0c7e"", ""sha256:86870fa0c037ffec8638e5a676c94bfadbf78697871afc556a65c76a31170de9"", ""sha256:203d2abeb2d99d25623c9179de14b8289df430c20fb536c914127ccf9aad12b7"", ""sha256:663872043a1597f53e003dad67d8c962336d485c4b37abb126745262de5a69bd"", ""sha256:348db52840d5da3ba69940d3a0f9a80c6249c5bdb806ad9c6cd7fdf15db4d465"", ""sha256:9873b2f9da4721b938c08b4295d92d8e7b2306c0ef0b8426f9fe4e54fe1286c4"", ""sha256:c41559418f92a52c2096f7fde21a28ffcaa6ce9a94661250ac779044d7c104fd"", ""sha256:c2d2f7f69316a281138eb5f5febb0002d600c674851c00e6cf6f58c6a5504d34"", ""sha256:f7633de5bf1e2d764c5a3df8912e4558ebbbbefa3544a21703bcfd2c9d25075b"", ""sha256:9aaf889ed57821c763f06c4ad25ca337cbfab07e5fa710e95ddafb5c1250cef7"", ""sha256:7d1d3351fc886bccf9bb4804d60ec3e92dd45337da38f3e5588412fabfba3a73"", ""sha256:40c31c2c9eed9eefedfde2365518b449adb21bb738176576c827442f5d54f1b7"", ""sha256:07370f179a867decb460ad425f380c4c3daa9e55db03f4a9e1d9e1b79c434af5"", ""sha256:b9f77fa534c75feea44381d4f40a08f681239793fc524e21fd03706f6af09d07"", ""sha256:5d65ecebb684bc4f22ed910fdf8d032084d054a50557daa935e037e9c100791d""]}",,1 means an auditor-change signal was verified; 0 requires completed auditor-name and event-coverage checks. Neither is a probability. Measurement covers the source fiscal-year interval. Native state: PUBLISHED; reason: PASS.,marriott_international,sha256:28793789b5e5370e8eceeecccf288e73f05a8f4db1f0098b1628aa5331a05914,/Users/lyuhongwang/.local/state/sec_metrics/issue47-development-evidence/annual-earnings-marriott-20261009/state/updates/C04/periods/FY2024/results/546362c23df74b58a63d2fc8dfe0ec14,/Users/lyuhongwang/.codex/worktrees/7e99/SEC_metrics-issue47-company-verified-source-20261006/source-inputs,NO_SOURCE_CONTENT_CHANGE,REQUESTED_RESULT,SAVED_RECORD_CHECKED_CONTENT_NOT_ACCEPTED,NOT_CHECKED_BY_SAVED_READER,[],True
Marriott International,1048286,C04,Auditor changes,0,flag,OK,DERIVED,source-verified auditor change signal,2025-01-01,2025-12-31,2025,ANNUAL,0001048286-26-000007,10-K,2026-02-10,Auditor changes,"{""annual_filing_period"": {""fiscal_year"": 2025, ""period_end"": ""2025-12-31"", ""period_start"": ""2025-01-01""}, ""measurement_kind"": ""ANNUAL"", ""scope"": {""entity_scope"": ""registrant""}, ""selection"": {""event_forms"": [""8-K"", ""8-K/A"", ""8-K12B"", ""8-K12B/A""], ""event_source_set_ids"": [""sha256:fdfc23cba538b104bf5f45fd8701068c6f4c3b09584fe26734b48a3ad7084564""], ""matched_item_4_01_claim_ids"": [], ""names_differ"": false, ""reason_code"": ""PASS"", ""resolver"": ""auditor_change_registration_filings_v3"", ""same_cik_prior_status"": ""SAME_CIK_PRIOR_DISCOVERED"", ""selected_current_accession"": ""0001048286-26-000007"", ""selection_id"": ""sha256:f0f59a0104b7ec47f286d6f214b43475dcb0649dc0e5a91553ce7ed0d4ea2de3""}, ""source_reference_ids"": [""sha256:c37238976da80a6d94cfdac4177c453af617a627c1651f9bb071a20ad8ab2dfe"", ""sha256:3109bea68ae11f5e3c6ebd77114cda1d6f17d60e772b2630baffdb2639c483e9"", ""sha256:9865738104c119941af46defc8749d702fd75f24be7b71b35513d89303562dfb"", ""sha256:40127921b5837f721fb7ec41028d9eeeefb0855d09261b0fef4a1985f5298d4b"", ""sha256:6139c18acde58b3ba5aff86a1debd212c1fade31d2ba8a0ce35a748947694a07"", ""sha256:bf544d4ea45fb264453b4e0afbb986e366f93c73b43e55513e95741b1453b855"", ""sha256:55e9e079de35bef789ad24d17f01994aa62ef97832ecf581e6052ec6c1c9dc88"", ""sha256:d7e4a9f6a5d5012058bd282dd004fb61de6f9a22c34c82eecc6644f85dc829a2"", ""sha256:fad6b06c485aa6415e0dfdfb312d09e774c0d42951288db4d0bbe035c62c52bb"", ""sha256:36c617d02d818b4902d5acf94a0d1d04d4efd5d3400922c92295f8bbf0c17094"", ""sha256:bbe8d18d5b70456fdfe6a7141f2da0e1b2ee5866d814c1fecf09b786ec310e45"", ""sha256:60936afcc1962b3f09c405897c949eb586c262d02fdcd5e316511733012058eb"", ""sha256:b7918006e714a2f7fd504bdb6267415f25cec432dabd167cb9a5fbbedcfcc888"", ""sha256:1f83e50639e251e30a9d72aa512b92666a3d1238a9c34f9afe4b101057dae5cf"", ""sha256:46b84f82f464a007e2db9a2072261bb78d01fa2116e2d0da5ae8bf4d5638b6b8"", ""sha256:61a6a86137f6a970ed09f81a01e7f1635fd9245a556be6e5987a840f7b605ece"", ""sha256:7b56655b78f8633b1c90334cbbb23d0fa2f500317ba3216a4a42986a6bc315c7"", ""sha256:cf130d2988d1fb9f249c865230b00afbe0e54cc31af3a7efc93a336c736927fa"", ""sha256:317b5401fbe6ef4544bf193a8a0f144c0359e680e7c6293ab7ff264d2a1b6be5"", ""sha256:2afc5ddf640c0aaa4cb4142cb7a0d46731c1d8f777997290321cee9e191449d9"", ""sha256:691fb329e31d5d498d01bf3693695a2b456bbc6e9ddef8f6c88f3894f5357caf"", ""sha256:87109107b65e3837910d65360fdbd0f86f569c832c94c35dc8f477db39c33cfc"", ""sha256:124b8847246c3b2b1035f38a9edfd8055b78a34b5829ea329db922848dfafc92"", ""sha256:04bb0255f0a10aaf9794d06b52cc4cbb45f4a45b8717df332bca22cd3741e8c0"", ""sha256:291ee02009d2b24b65045254d61aae4e99f2cda9580bafac1a2e992e37dfdb66"", ""sha256:38d839367e9e4abfd3e2ebb4ddc32a2f53e5a3bf74d9338be0c1059bb33efbb3"", ""sha256:794697f46a8915c60583241949d41513405204326be36bdfc6b384c092e548d4"", ""sha256:d4fdf2105a90e20788593ec0dd8922df5d294c1f446c1386216dfa613c20c65b""]}",,1 means an auditor-change signal was verified; 0 requires completed auditor-name and event-coverage checks. Neither is a probability. Measurement covers the source fiscal-year interval. Native state: PUBLISHED; reason: PASS.,marriott_international,sha256:a5517d36ec92517b057a4e8e5f1277cc8f2850d9108d563a1adb2ad71cb7c3f9,/Users/lyuhongwang/.local/state/sec_metrics/issue47-development-evidence/annual-earnings-marriott-20261009/state/updates/C04/periods/FY2025/results/b5a788c881b34f179ff7a4545034d3e8,/Users/lyuhongwang/.codex/worktrees/7e99/SEC_metrics-issue47-company-verified-source-20261006/source-inputs,NO_SOURCE_CONTENT_CHANGE,REQUESTED_RESULT,SAVED_RECORD_CHECKED_CONTENT_NOT_ACCEPTED,NOT_CHECKED_BY_SAVED_READER,[],True
Marriott International,1048286,B07,Interest coverage ratio,4.166666666666666666666666667,ratio,OK,DERIVED,,2021-01-01,2021-12-31,2021,ANNUAL,0001628280-22-002666,10-K,2022-02-15,Interest coverage ratio,"{""annual_filing_period"": {""fiscal_year"": 2021, ""period_end"": ""2021-12-31"", ""period_start"": ""2021-01-01""}, ""measurement_kind"": ""ANNUAL"", ""scope"": {""coverage"": ""deterministic_source_set"", ""fiscal_year"": 2021}, ""selection"": null, ""source_reference_ids"": [""sha256:c37238976da80a6d94cfdac4177c453af617a627c1651f9bb071a20ad8ab2dfe"", ""sha256:d0c992921c09a5397ceb543f3ceadb77c0de62273773b81ceec4836d559e37b0"", ""sha256:7f8156c3c03d25d0dec877742adb193c86fa52ecb0a3816d0cb73dcc94c802fe""]}",,Source-rebuilt native result; exact measurement dates are retained. Measurement covers the source fiscal-year interval. Native state: PUBLISHED; reason: PASS.,marriott_international,sha256:89a531796379e975b8e2eefbe9f260d01b2475ef0724b62f251c94a004360b8f,/Users/lyuhongwang/.local/state/sec_metrics/issue47-development-evidence/annual-earnings-marriott-20261009/state/updates/B07/periods/FY2021/results/3774ce886ac342669dcc1dc44d365b82,/Users/lyuhongwang/.codex/worktrees/7e99/SEC_metrics-issue47-company-verified-source-20261006/source-inputs,NOT_REQUESTED_IN_LATEST_EXECUTION,SAVED_RESULT_NOT_REQUESTED,SAVED_RECORD_CHECKED_CONTENT_NOT_ACCEPTED,NOT_CHECKED_BY_SAVED_READER,[],False
Marriott International,1048286,B07,Interest coverage ratio,8.590570719602977667493796526,ratio,OK,DERIVED,,2022-01-01,2022-12-31,2022,ANNUAL,0001628280-23-003485,10-K,2023-02-14,Interest coverage ratio,"{""annual_filing_period"": {""fiscal_year"": 2022, ""period_end"": ""2022-12-31"", ""period_start"": ""2022-01-01""}, ""measurement_kind"": ""ANNUAL"", ""scope"": {""coverage"": ""deterministic_source_set"", ""fiscal_year"": 2022}, ""selection"": null, ""source_reference_ids"": [""sha256:c37238976da80a6d94cfdac4177c453af617a627c1651f9bb071a20ad8ab2dfe"", ""sha256:5c52fe5d4bfa948787dcbb4dc0c94753b4386277e72cb5de0faa16d51132e16c"", ""sha256:8dbd703eeca276eaff649a13634f5b044dcd539a4aa60d8c63fbe67012536d08""]}",,Source-rebuilt native result; exact measurement dates are retained. Measurement covers the source fiscal-year interval. Native state: PUBLISHED; reason: PASS.,marriott_international,sha256:c515aa83614435b169953c0234153552cff76a796c6f5936247a3aacf8a71d3f,/Users/lyuhongwang/.local/state/sec_metrics/issue47-development-evidence/annual-earnings-marriott-20261009/state/updates/B07/periods/FY2022/results/c6fac28c92fd4f569f51788bdf68027a,/Users/lyuhongwang/.codex/worktrees/7e99/SEC_metrics-issue47-company-verified-source-20261006/source-inputs,NOT_REQUESTED_IN_LATEST_EXECUTION,SAVED_RESULT_NOT_REQUESTED,SAVED_RECORD_CHECKED_CONTENT_NOT_ACCEPTED,NOT_CHECKED_BY_SAVED_READER,[],False
Marriott International,1048286,B07,Interest coverage ratio,6.838938053097345132743362832,ratio,OK,DERIVED,,2023-01-01,2023-12-31,2023,ANNUAL,0001628280-24-004372,10-K,2024-02-13,Interest coverage ratio,"{""annual_filing_period"": {""fiscal_year"": 2023, ""period_end"": ""2023-12-31"", ""period_start"": ""2023-01-01""}, ""measurement_kind"": ""ANNUAL"", ""scope"": {""coverage"": ""deterministic_source_set"", ""fiscal_year"": 2023}, ""selection"": null, ""source_reference_ids"": [""sha256:c37238976da80a6d94cfdac4177c453af617a627c1651f9bb071a20ad8ab2dfe"", ""sha256:7cf0e5ed84b13e459c4d010ac18c1bae2229587a8ce78a4fff367018cf7743d4"", ""sha256:c78685fbc9c806be8fef591c442fc95ce02a6082ade54d8923a9aeae10e1b582""]}",,Source-rebuilt native result; exact measurement dates are retained. Measurement covers the source fiscal-year interval. Native state: PUBLISHED; reason: PASS.,marriott_international,sha256:5228211c8444a4472d739cd6a0a18630b6a871f1174eef173dda2222a05fe994,/Users/lyuhongwang/.local/state/sec_metrics/issue47-development-evidence/annual-earnings-marriott-20261009/state/updates/B07/periods/FY2023/results/a55f5198fca44e16917d1709b077709e,/Users/lyuhongwang/.codex/worktrees/7e99/SEC_metrics-issue47-company-verified-source-20261006/source-inputs,NOT_REQUESTED_IN_LATEST_EXECUTION,SAVED_RESULT_NOT_REQUESTED,SAVED_RECORD_CHECKED_CONTENT_NOT_ACCEPTED,NOT_CHECKED_BY_SAVED_READER,[],False
Marriott International,1048286,B07,Interest coverage ratio,5.420143884892086330935251799,ratio,OK,DERIVED,,2024-01-01,2024-12-31,2024,ANNUAL,0001628280-25-004818,10-K,2025-02-11,Interest coverage ratio,"{""annual_filing_period"": {""fiscal_year"": 2024, ""period_end"": ""2024-12-31"", ""period_start"": ""2024-01-01""}, ""measurement_kind"": ""ANNUAL"", ""scope"": {""coverage"": ""deterministic_source_set"", ""fiscal_year"": 2024}, ""selection"": null, ""source_reference_ids"": [""sha256:c37238976da80a6d94cfdac4177c453af617a627c1651f9bb071a20ad8ab2dfe"", ""sha256:55e9e079de35bef789ad24d17f01994aa62ef97832ecf581e6052ec6c1c9dc88"", ""sha256:63687b69a68ec70135351fc580e0a0d4f4f9d369bfc8a4f087772217b312a630""]}",,Source-rebuilt native result; exact measurement dates are retained. Measurement covers the source fiscal-year interval. Native state: PUBLISHED; reason: PASS.,marriott_international,sha256:3bcce4bbceec694e4bdccc70562c79327ae4443ed5f254baf3efeb0af2095292,/Users/lyuhongwang/.local/state/sec_metrics/issue47-development-evidence/annual-earnings-marriott-20261009/state/updates/B07/periods/FY2024/results/99f8da6b5a834e83b8e8d704d9a92b2d,/Users/lyuhongwang/.codex/worktrees/7e99/SEC_metrics-issue47-company-verified-source-20261006/source-inputs,NOT_REQUESTED_IN_LATEST_EXECUTION,SAVED_RESULT_NOT_REQUESTED,SAVED_RECORD_CHECKED_CONTENT_NOT_ACCEPTED,NOT_CHECKED_BY_SAVED_READER,[],False
Marriott International,1048286,B07,Interest coverage ratio,5.118665018541409147095179234,ratio,OK,DERIVED,,2025-01-01,2025-12-31,2025,ANNUAL,0001048286-26-000007,10-K,2026-02-10,Interest coverage ratio,"{""annual_filing_period"": {""fiscal_year"": 2025, ""period_end"": ""2025-12-31"", ""period_start"": ""2025-01-01""}, ""measurement_kind"": ""ANNUAL"", ""scope"": {""coverage"": ""deterministic_source_set"", ""fiscal_year"": 2025}, ""selection"": null, ""source_reference_ids"": [""sha256:c37238976da80a6d94cfdac4177c453af617a627c1651f9bb071a20ad8ab2dfe"", ""sha256:40127921b5837f721fb7ec41028d9eeeefb0855d09261b0fef4a1985f5298d4b"", ""sha256:3109bea68ae11f5e3c6ebd77114cda1d6f17d60e772b2630baffdb2639c483e9""]}",,Source-rebuilt native result; exact measurement dates are retained. Measurement covers the source fiscal-year interval. Native state: PUBLISHED; reason: PASS.,marriott_international,sha256:b5199f67eb551da449705600f3763dfba9df83d981a4445e5120e48499bbe557,/Users/lyuhongwang/.local/state/sec_metrics/issue47-development-evidence/annual-earnings-marriott-20261009/state/updates/B07/periods/FY2025/results/ffd244caded44ec2aafbb11db8311e0a,/Users/lyuhongwang/.codex/worktrees/7e99/SEC_metrics-issue47-company-verified-source-20261006/source-inputs,NOT_REQUESTED_IN_LATEST_EXECUTION,SAVED_RESULT_NOT_REQUESTED,SAVED_RECORD_CHECKED_CONTENT_NOT_ACCEPTED,NOT_CHECKED_BY_SAVED_READER,[],False
