audit_id,source_bucket,company,metric_id,metric_name,value,unit,status,source_class,period_start,period_end,accession,concept_or_section,context_or_dimension,evidence_value,evidence_unit,evidence_quote,audit_verdict,audit_notes
AUDIT_01,STD_XBRL,Marriott International,B01,Revenue,26186000000,USD,OK,STD_XBRL,2025-01-01,2025-12-31,0001048286-26-000007,Revenues,companyfacts:USD:CY2025,26186000000,USD,Revenues=26186000000 unit=USD accn=0001048286-26-000007 filed=2026-02-10,PASS,Candidate Result and all evidence rows are bound.
AUDIT_02,DERIVED,Marriott International,B02,Revenue YoY growth,0.04326693227091633466135458167,ratio,OK,DERIVED,2025-01-01,2025-12-31,0001048286-26-000007;0001628280-25-004818,Revenues+Revenues,companyfacts:USD:CY2025;companyfacts:USD:,0.04326693227091633466135458167,ratio,(Revenue_t - Revenue_t-1) / Revenue_t-1; components=Revenues=26186000000;Revenues=25100000000,PASS,Candidate Result and all evidence rows are bound.
AUDIT_03,DERIVED,Marriott International,B03,EBITDA margin,0.1756281982738868097456656229,ratio,OK,DERIVED,2025-01-01,2025-12-31,0001048286-26-000007;0001048286-26-000007;0001048286-26-000007;0001048286-26-000007,OperatingIncomeLoss+Depreciation+AmortizationOfIntangibleAssets+Revenues,companyfacts:USD:CY2025;companyfacts:USD:CY2025;companyfacts:USD:CY2025;companyfacts:USD:CY2025,0.1756281982738868097456656229,ratio,(Operating income + D&A) / revenue; components=OperatingIncomeLoss=4141000000;Depreciation=145000000;AmortizationOfIntangibleAssets=313000000;Revenues=26186000000,PASS,Candidate Result and all evidence rows are bound.
AUDIT_04,STD_XBRL,Marriott International,B04,Net income,2601000000,USD,OK,STD_XBRL,2025-01-01,2025-12-31,0001048286-26-000007,NetIncomeLoss,companyfacts:USD:CY2025,2601000000,USD,us-gaap:NetIncomeLoss unit=USD accn=0001048286-26-000007 filed=2026-02-10,PASS,Candidate Result and all evidence rows are bound.
AUDIT_05,DERIVED,Marriott International,B05,Free cash flow,2608000000,USD,OK,DERIVED,2025-01-01,2025-12-31,0001048286-26-000007;0001048286-26-000007,NetCashProvidedByUsedInOperatingActivities+PaymentsToAcquireProductiveAssets,companyfacts:USD:CY2025;companyfacts:USD:CY2025,2608000000,USD,operating cash flow - capital expenditures; components=NetCashProvidedByUsedInOperatingActivities=3212000000;PaymentsToAcquireProductiveAssets=604000000,PASS,Candidate Result and all evidence rows are bound.
AUDIT_06,DERIVED,Marriott International,B07,Interest coverage ratio,5.118665018541409147095179234,ratio,OK,DERIVED,2025-01-01,2025-12-31,0001048286-26-000007;0001048286-26-000007,OperatingIncomeLoss+InterestExpenseNonoperating,companyfacts:USD:CY2025;companyfacts:USD:CY2025,5.118665018541409147095179234,ratio,operating income / interest expense; components=OperatingIncomeLoss=4141000000;InterestExpenseNonoperating=809000000,PASS,Candidate Result and all evidence rows are bound.
AUDIT_07,DERIVED,Marriott International,B08,Current ratio,0.4267682781614670159561800429,ratio,OK,DERIVED,2025-12-31,2025-12-31,0001048286-26-000007;0001048286-26-000007,AssetsCurrent+LiabilitiesCurrent,companyfacts:USD:;companyfacts:USD:,0.4267682781614670159561800429,ratio,current assets / current liabilities; components=AssetsCurrent=3584000000;LiabilitiesCurrent=8398000000,PASS,Candidate Result and all evidence rows are bound.
AUDIT_08,STD_XBRL,Marriott International,B09,Cash reserves,358000000,USD,OK,STD_XBRL,2025-12-31,2025-12-31,0001048286-26-000007,CashAndCashEquivalentsAtCarryingValue,companyfacts:USD:,358000000,USD,us-gaap:CashAndCashEquivalentsAtCarryingValue unit=USD accn=0001048286-26-000007 filed=2026-02-10,PASS,Candidate Result and all evidence rows are bound.
AUDIT_09,MDA,Marriott International,B10,Occupancy rate,69.3,percent,MDA_OK,MDA,2025-01-01,2025-12-31,0001048286-26-000007,MD&A occupancy,MD&A occupancy,69.3,percent,MD&A occupancy=69.3 unit=percent accn=0001048286-26-000007 filed=,PASS,Candidate Result and all evidence rows are bound.
AUDIT_10,MDA,Marriott International,B11,RevPAR,128.8,USD,MDA_OK,MDA,2025-01-01,2025-12-31,0001048286-26-000007,MD&A RevPAR,MD&A RevPAR,128.8,USD,MD&A RevPAR=128.8 unit=USD accn=0001048286-26-000007 filed=,PASS,Candidate Result and all evidence rows are bound.
AUDIT_11,8K_ITEM,Marriott International,C01,CEO / CFO changes,3,count,8K_ITEM_OK,8K_ITEM,2025-01-01,2025-12-31,0001193125-25-009110;0001193125-25-118861;0001193125-25-158742,8-K Item 5.02,FY window,3;3;3,count;count;count,8-K item 5.02 parsed from hdr.sgml | 8-K item 5.02 parsed from hdr.sgml | 8-K item 5.02 parsed from hdr.sgml,PASS,Candidate Result and all evidence rows are bound.
AUDIT_12,8K_ITEM,Marriott International,E01,M&A announcements,0,count,NOT_AVAILABLE_SEC,8K_ITEM,2025-01-01,2025-12-31,0001048286-25-000011;0001193125-25-009110;0001193125-25-036732;0001193125-25-118853;0001193125-25-118861;0001193125-25-158742;0001193125-25-184082;0001628280-25-004772;0001628280-25-022390;0001628280-25-037592,8-K Item 1.01/2.01/8.01,FY-window 8-K accessions scanned,0,count,FY-window 8-K scanned; no M&A item rule matched.,PASS,Candidate Result and all evidence rows are bound.
AUDIT_13,8K_ITEM,Marriott International,E02,Bankruptcy filings,0,count,NOT_AVAILABLE_SEC,8K_ITEM,2025-01-01,2025-12-31,0001048286-25-000011;0001193125-25-009110;0001193125-25-036732;0001193125-25-118853;0001193125-25-118861;0001193125-25-158742;0001193125-25-184082;0001628280-25-004772;0001628280-25-022390;0001628280-25-037592,8-K Item 1.03,FY-window 8-K accessions scanned,0,count,No Item 1.03 in FY-window 8-K; zero is normal.,PASS,Candidate Result and all evidence rows are bound.
AUDIT_14,8K_ITEM,Marriott International,E03,Leadership departures,3,count,8K_ITEM_OK,8K_ITEM,2025-01-01,2025-12-31,0001193125-25-009110;0001193125-25-118861;0001193125-25-158742,8-K Item 5.02,FY window,3;3;3,count;count;count,8-K item 5.02 parsed from hdr.sgml | 8-K item 5.02 parsed from hdr.sgml | 8-K item 5.02 parsed from hdr.sgml,PASS,Candidate Result and all evidence rows are bound.
AUDIT_15,8K_ITEM,Marriott International,E04,Financial restatements,0,count,NOT_AVAILABLE_SEC,8K_ITEM,2025-01-01,2025-12-31,0001048286-25-000011;0001193125-25-009110;0001193125-25-036732;0001193125-25-118853;0001193125-25-118861;0001193125-25-158742;0001193125-25-184082;0001628280-25-004772;0001628280-25-022390;0001628280-25-037592,8-K Item 4.02,FY-window 8-K accessions scanned,0,count,FY-window 8-K scanned; no item 4.02 found.,PASS,Candidate Result and all evidence rows are bound.
AUDIT_16,8K_ITEM,Marriott International,E05,Material agreements,0,count,NOT_AVAILABLE_SEC,8K_ITEM,2025-01-01,2025-12-31,0001048286-25-000011;0001193125-25-009110;0001193125-25-036732;0001193125-25-118853;0001193125-25-118861;0001193125-25-158742;0001193125-25-184082;0001628280-25-004772;0001628280-25-022390;0001628280-25-037592,8-K Item 1.01,FY-window 8-K accessions scanned,0,count,FY-window 8-K scanned; no item 1.01 found.,PASS,Candidate Result and all evidence rows are bound.
AUDIT_17,STD_XBRL,Southwest Airlines,B01,Revenue,28063000000,USD,OK,STD_XBRL,2025-01-01,2025-12-31,0000092380-26-000004,RevenueFromContractWithCustomerExcludingAssessedTax,companyfacts:USD:CY2025,28063000000,USD,us-gaap:RevenueFromContractWithCustomerExcludingAssessedTax unit=USD accn=0000092380-26-000004 filed=2026-02-05,PASS,Candidate Result and all evidence rows are bound.
AUDIT_18,DERIVED,Southwest Airlines,B02,Revenue YoY growth,0.02110395517228832369100898737,ratio,OK,DERIVED,2025-01-01,2025-12-31,0000092380-26-000004;0000092380-25-000024,RevenueFromContractWithCustomerExcludingAssessedTax+RevenueFromContractWithCustomerExcludingAssessedTax,companyfacts:USD:CY2025;companyfacts:USD:,0.02110395517228832369100898737,ratio,(Revenue_t - Revenue_t-1) / Revenue_t-1; components=RevenueFromContractWithCustomerExcludingAssessedTax=28063000000;RevenueFromContractWithCustomerExcludingAssessedTax=27483000000,PASS,Candidate Result and all evidence rows are bound.
AUDIT_19,DERIVED,Southwest Airlines,B03,EBITDA margin,0.07084060863058119231728610626,ratio,OK,DERIVED,2025-01-01,2025-12-31,0000092380-26-000004;0000092380-26-000004;0000092380-26-000004,OperatingIncomeLoss+DepreciationAndAmortization+RevenueFromContractWithCustomerExcludingAssessedTax,companyfacts:USD:CY2025;companyfacts:USD:CY2025;companyfacts:USD:CY2025,0.07084060863058119231728610626,ratio,(Operating income + D&A) / revenue; components=OperatingIncomeLoss=428000000;DepreciationAndAmortization=1560000000;RevenueFromContractWithCustomerExcludingAssessedTax=28063000000,PASS,Candidate Result and all evidence rows are bound.
AUDIT_20,STD_XBRL,Southwest Airlines,B04,Net income,441000000,USD,OK,STD_XBRL,2025-01-01,2025-12-31,0000092380-26-000004,NetIncomeLoss,companyfacts:USD:CY2025,441000000,USD,us-gaap:NetIncomeLoss unit=USD accn=0000092380-26-000004 filed=2026-02-05,PASS,Candidate Result and all evidence rows are bound.
AUDIT_21,DERIVED,Southwest Airlines,B05,Free cash flow,-831000000,USD,OK,DERIVED,2025-01-01,2025-12-31,0000092380-26-000004;0000092380-26-000004,NetCashProvidedByUsedInOperatingActivities+PaymentsToAcquireProductiveAssets,companyfacts:USD:CY2025;companyfacts:USD:CY2025,-831000000,USD,operating cash flow - capital expenditures; components=NetCashProvidedByUsedInOperatingActivities=1842000000;PaymentsToAcquireProductiveAssets=2673000000,PASS,Candidate Result and all evidence rows are bound.
AUDIT_22,DERIVED,Southwest Airlines,B07,Interest coverage ratio,2.562874251497005988023952096,ratio,OK,DERIVED,2025-01-01,2025-12-31,0000092380-26-000004;0000092380-26-000004,OperatingIncomeLoss+InterestExpenseNonoperating,companyfacts:USD:CY2025;companyfacts:USD:CY2025,2.562874251497005988023952096,ratio,operating income / interest expense; components=OperatingIncomeLoss=428000000;InterestExpenseNonoperating=167000000,PASS,Candidate Result and all evidence rows are bound.
AUDIT_23,DERIVED,Southwest Airlines,B08,Current ratio,0.5168940573207581723285413424,ratio,OK,DERIVED,2025-12-31,2025-12-31,0000092380-26-000004;0000092380-26-000004,AssetsCurrent+LiabilitiesCurrent,companyfacts:USD:;companyfacts:USD:,0.5168940573207581723285413424,ratio,current assets / current liabilities; components=AssetsCurrent=5645000000;LiabilitiesCurrent=10921000000,PASS,Candidate Result and all evidence rows are bound.
AUDIT_24,STD_XBRL,Southwest Airlines,B09,Cash reserves,3231000000,USD,OK,STD_XBRL,2025-12-31,2025-12-31,0000092380-26-000004,CashAndCashEquivalentsAtCarryingValue,companyfacts:USD:,3231000000,USD,us-gaap:CashAndCashEquivalentsAtCarryingValue unit=USD accn=0000092380-26-000004 filed=2026-02-05,PASS,Candidate Result and all evidence rows are bound.
AUDIT_25,8K_ITEM,Southwest Airlines,C01,CEO / CFO changes,4,count,8K_ITEM_OK,8K_ITEM,2025-01-01,2025-12-31,0000092380-25-000025;0000092380-25-000075;0001193125-25-004026;0001193125-25-023650,8-K Item 5.02,FY window,4;4;4;4,count;count;count;count,8-K item 5.02 parsed from hdr.sgml | 8-K item 5.02 parsed from hdr.sgml | 8-K item 5.02 parsed from hdr.sgml | 8-K item 5.02 parsed from hdr.sgml,PASS,Candidate Result and all evidence rows are bound.
AUDIT_26,8K_ITEM,Southwest Airlines,E01,M&A announcements,2,count,8K_ITEM_OK,8K_ITEM,2025-01-01,2025-12-31,0001193125-25-029062;0001193125-25-262544,8-K Item 1.01/2.01/8.01,FY-window 8-K accessions scanned,2;2,count;count,8-K item 1.01 parsed from hdr.sgml | 8-K item 1.01 parsed from hdr.sgml,PASS,Candidate Result and all evidence rows are bound.
AUDIT_27,8K_ITEM,Southwest Airlines,E02,Bankruptcy filings,0,count,NOT_AVAILABLE_SEC,8K_ITEM,2025-01-01,2025-12-31,0000092380-25-000003;0000092380-25-000007;0000092380-25-000025;0000092380-25-000059;0000092380-25-000075;0000092380-25-000079;0000092380-25-000117;0000092380-25-000119;0000092380-25-000131;0000092380-25-000138;0000092380-25-000144;0001193125-25-004026;0001193125-25-013376;0001193125-25-023650;0001193125-25-028035;0001193125-25-029062;0001193125-25-262544,8-K Item 1.03,FY-window 8-K accessions scanned,0,count,No Item 1.03 in FY-window 8-K; zero is normal.,PASS,Candidate Result and all evidence rows are bound.
AUDIT_28,8K_ITEM,Southwest Airlines,E03,Leadership departures,4,count,8K_ITEM_OK,8K_ITEM,2025-01-01,2025-12-31,0000092380-25-000025;0000092380-25-000075;0001193125-25-004026;0001193125-25-023650,8-K Item 5.02,FY window,4;4;4;4,count;count;count;count,8-K item 5.02 parsed from hdr.sgml | 8-K item 5.02 parsed from hdr.sgml | 8-K item 5.02 parsed from hdr.sgml | 8-K item 5.02 parsed from hdr.sgml,PASS,Candidate Result and all evidence rows are bound.
AUDIT_29,8K_ITEM,Southwest Airlines,E04,Financial restatements,0,count,NOT_AVAILABLE_SEC,8K_ITEM,2025-01-01,2025-12-31,0000092380-25-000003;0000092380-25-000007;0000092380-25-000025;0000092380-25-000059;0000092380-25-000075;0000092380-25-000079;0000092380-25-000117;0000092380-25-000119;0000092380-25-000131;0000092380-25-000138;0000092380-25-000144;0001193125-25-004026;0001193125-25-013376;0001193125-25-023650;0001193125-25-028035;0001193125-25-029062;0001193125-25-262544,8-K Item 4.02,FY-window 8-K accessions scanned,0,count,FY-window 8-K scanned; no item 4.02 found.,PASS,Candidate Result and all evidence rows are bound.
AUDIT_30,8K_ITEM,Southwest Airlines,E05,Material agreements,2,count,8K_ITEM_OK,8K_ITEM,2025-01-01,2025-12-31,0001193125-25-029062;0001193125-25-262544,8-K Item 1.01,FY window,2;2,count;count,8-K item 1.01 parsed from hdr.sgml | 8-K item 1.01 parsed from hdr.sgml,PASS,Candidate Result and all evidence rows are bound.
AUDIT_31,STD_XBRL,Ford Motor Company,B01,Revenue,187267000000,USD,OK,STD_XBRL,2025-01-01,2025-12-31,0000037996-26-000015,RevenueFromContractWithCustomerExcludingAssessedTax,companyfacts:USD:CY2025,187267000000,USD,us-gaap:RevenueFromContractWithCustomerExcludingAssessedTax unit=USD accn=0000037996-26-000015 filed=2026-02-11,PASS,Candidate Result and all evidence rows are bound.
AUDIT_32,DERIVED,Ford Motor Company,B02,Revenue YoY growth,0.01229782909531222971804186127,ratio,OK,DERIVED,2025-01-01,2025-12-31,0000037996-26-000015;0000037996-25-000013,RevenueFromContractWithCustomerExcludingAssessedTax+RevenueFromContractWithCustomerExcludingAssessedTax,companyfacts:USD:CY2025;companyfacts:USD:,0.01229782909531222971804186127,ratio,(Revenue_t - Revenue_t-1) / Revenue_t-1; components=RevenueFromContractWithCustomerExcludingAssessedTax=187267000000;RevenueFromContractWithCustomerExcludingAssessedTax=184992000000,PASS,Candidate Result and all evidence rows are bound.
AUDIT_33,DERIVED,Ford Motor Company,B03,EBITDA margin,0.0363384899635280108080975292,ratio,OK,DERIVED,2025-01-01,2025-12-31,0000037996-26-000015;0000037996-26-000015;0000037996-26-000015,OperatingIncomeLoss+DepreciationDepletionAndAmortization+RevenueFromContractWithCustomerExcludingAssessedTax,companyfacts:USD:CY2025;companyfacts:USD:CY2025;companyfacts:USD:CY2025,0.0363384899635280108080975292,ratio,(Operating income + D&A) / revenue; components=OperatingIncomeLoss=-9169000000;DepreciationDepletionAndAmortization=15974000000;RevenueFromContractWithCustomerExcludingAssessedTax=187267000000,PASS,Candidate Result and all evidence rows are bound.
AUDIT_34,STD_XBRL,Ford Motor Company,B04,Net income,-8162000000,USD,OK,STD_XBRL,2025-01-01,2025-12-31,0000037996-26-000015,ProfitLoss,companyfacts:USD:CY2025,-8162000000,USD,us-gaap:ProfitLoss unit=USD accn=0000037996-26-000015 filed=2026-02-11,PASS,Candidate Result and all evidence rows are bound.
AUDIT_35,DERIVED,Ford Motor Company,B05,Free cash flow,12467000000,USD,OK,DERIVED,2025-01-01,2025-12-31,0000037996-26-000015;0000037996-26-000015,NetCashProvidedByUsedInOperatingActivities+PaymentsToAcquireProductiveAssets,companyfacts:USD:CY2025;companyfacts:USD:CY2025,12467000000,USD,operating cash flow - capital expenditures; components=NetCashProvidedByUsedInOperatingActivities=21282000000;PaymentsToAcquireProductiveAssets=8815000000,PASS,Candidate Result and all evidence rows are bound.
AUDIT_36,DERIVED,Ford Motor Company,B08,Current ratio,1.074828096440073113412829663,ratio,OK,DERIVED,2025-12-31,2025-12-31,0000037996-26-000015;0000037996-26-000015,AssetsCurrent+LiabilitiesCurrent,companyfacts:USD:;companyfacts:USD:,1.074828096440073113412829663,ratio,current assets / current liabilities; components=AssetsCurrent=123487000000;LiabilitiesCurrent=114890000000,PASS,Candidate Result and all evidence rows are bound.
AUDIT_37,STD_XBRL,Ford Motor Company,B09,Cash reserves,23356000000,USD,OK,STD_XBRL,2025-12-31,2025-12-31,0000037996-26-000015,CashAndCashEquivalentsAtCarryingValue,companyfacts:USD:,23356000000,USD,us-gaap:CashAndCashEquivalentsAtCarryingValue unit=USD accn=0000037996-26-000015 filed=2026-02-11,PASS,Candidate Result and all evidence rows are bound.
AUDIT_38,8K_ITEM,Ford Motor Company,C01,CEO / CFO changes,3,count,8K_ITEM_OK,8K_ITEM,2025-01-01,2025-12-31,0000037996-25-000009;0000037996-25-000074;0000037996-25-000236,8-K Item 5.02,FY window,3;3;3,count;count;count,8-K item 5.02 parsed from hdr.sgml | 8-K item 5.02 parsed from hdr.sgml | 8-K item 5.02 parsed from hdr.sgml,PASS,Candidate Result and all evidence rows are bound.
AUDIT_39,8K_ITEM,Ford Motor Company,E01,M&A announcements,2,count,8K_ITEM_OK,8K_ITEM,2025-01-01,2025-12-31,0000037996-25-000067;0000037996-25-000143,8-K Item 1.01/2.01/8.01,FY-window 8-K accessions scanned,2;2,count;count,8-K item 1.01 parsed from hdr.sgml | 8-K item 1.01 parsed from hdr.sgml,PASS,Candidate Result and all evidence rows are bound.
AUDIT_40,8K_ITEM,Ford Motor Company,E02,Bankruptcy filings,0,count,NOT_AVAILABLE_SEC,8K_ITEM,2025-01-01,2025-12-31,0000037996-25-000002;0000037996-25-000006;0000037996-25-000009;0000037996-25-000011;0000037996-25-000065;0000037996-25-000067;0000037996-25-000071;0000037996-25-000074;0000037996-25-000139;0000037996-25-000141;0000037996-25-000143;0000037996-25-000146;0000037996-25-000175;0000037996-25-000185;0000037996-25-000210;0000037996-25-000236;0000037996-25-000238,8-K Item 1.03,FY-window 8-K accessions scanned,0,count,No Item 1.03 in FY-window 8-K; zero is normal.,PASS,Candidate Result and all evidence rows are bound.
AUDIT_41,8K_ITEM,Ford Motor Company,E03,Leadership departures,3,count,8K_ITEM_OK,8K_ITEM,2025-01-01,2025-12-31,0000037996-25-000009;0000037996-25-000074;0000037996-25-000236,8-K Item 5.02,FY window,3;3;3,count;count;count,8-K item 5.02 parsed from hdr.sgml | 8-K item 5.02 parsed from hdr.sgml | 8-K item 5.02 parsed from hdr.sgml,PASS,Candidate Result and all evidence rows are bound.
AUDIT_42,8K_ITEM,Ford Motor Company,E04,Financial restatements,0,count,NOT_AVAILABLE_SEC,8K_ITEM,2025-01-01,2025-12-31,0000037996-25-000002;0000037996-25-000006;0000037996-25-000009;0000037996-25-000011;0000037996-25-000065;0000037996-25-000067;0000037996-25-000071;0000037996-25-000074;0000037996-25-000139;0000037996-25-000141;0000037996-25-000143;0000037996-25-000146;0000037996-25-000175;0000037996-25-000185;0000037996-25-000210;0000037996-25-000236;0000037996-25-000238,8-K Item 4.02,FY-window 8-K accessions scanned,0,count,FY-window 8-K scanned; no item 4.02 found.,PASS,Candidate Result and all evidence rows are bound.
AUDIT_43,8K_ITEM,Ford Motor Company,E05,Material agreements,2,count,8K_ITEM_OK,8K_ITEM,2025-01-01,2025-12-31,0000037996-25-000067;0000037996-25-000143,8-K Item 1.01,FY window,2;2,count;count,8-K item 1.01 parsed from hdr.sgml | 8-K item 1.01 parsed from hdr.sgml,PASS,Candidate Result and all evidence rows are bound.
AUDIT_44,STD_XBRL,Pfizer,B01,Revenue,62579000000,USD,OK,STD_XBRL,2025-01-01,2025-12-31,0000078003-26-000026,Revenues,companyfacts:USD:CY2025,62579000000,USD,us-gaap:Revenues unit=USD accn=0000078003-26-000026 filed=2026-02-26,PASS,Candidate Result and all evidence rows are bound.
AUDIT_45,DERIVED,Pfizer,B02,Revenue YoY growth,-0.01647099501783833906989171264,ratio,OK,DERIVED,2025-01-01,2025-12-31,0000078003-26-000026;0000078003-25-000054,Revenues+Revenues,companyfacts:USD:CY2025;companyfacts:USD:,-0.01647099501783833906989171264,ratio,(Revenue_t - Revenue_t-1) / Revenue_t-1; components=Revenues=62579000000;Revenues=63627000000,PASS,Candidate Result and all evidence rows are bound.
AUDIT_46,DERIVED,Pfizer,B03,EBITDA margin,0.3329551446971028619824541779,ratio,OK_APPROX,DERIVED,2025-01-01,2025-12-31,0000078003-26-000026;0000078003-26-000026;0000078003-26-000026;0000078003-26-000026,IncomeLossFromContinuingOperationsBeforeIncomeTaxesExtraordinaryItemsNoncontrollingInterest+OtherNonoperatingIncomeExpense+DepreciationDepletionAndAmortization+Revenues,companyfacts:USD:CY2025;companyfacts:USD:CY2025;companyfacts:USD:CY2025;companyfacts:USD:CY2025,0.3329551446971028619824541779,ratio,(Operating income + D&A) / revenue; components=IncomeLossFromContinuingOperationsBeforeIncomeTaxesExtraordinaryItemsNoncontrollingInterest=7520000000;OtherNonoperatingIncomeExpense=-6724000000;DepreciationDepletionAndAmortization=6592000000;Revenues=62579000000,PASS,Candidate Result and all evidence rows are bound.
AUDIT_47,STD_XBRL,Pfizer,B04,Net income,7771000000,USD,OK,STD_XBRL,2025-01-01,2025-12-31,0000078003-26-000026,NetIncomeLoss,companyfacts:USD:CY2025,7771000000,USD,us-gaap:NetIncomeLoss unit=USD accn=0000078003-26-000026 filed=2026-02-26,PASS,Candidate Result and all evidence rows are bound.
AUDIT_48,DERIVED,Pfizer,B05,Free cash flow,9075000000,USD,OK,DERIVED,2025-01-01,2025-12-31,0000078003-26-000026;0000078003-26-000026,NetCashProvidedByUsedInOperatingActivities+PaymentsToAcquirePropertyPlantAndEquipment,companyfacts:USD:CY2025;companyfacts:USD:CY2025,9075000000,USD,operating cash flow - capital expenditures; components=NetCashProvidedByUsedInOperatingActivities=11704000000;PaymentsToAcquirePropertyPlantAndEquipment=2629000000,PASS,Candidate Result and all evidence rows are bound.
AUDIT_49,DERIVED,Pfizer,B07,Interest coverage ratio,5.332834144515162860351928117,ratio,OK_APPROX,DERIVED,2025-01-01,2025-12-31,0000078003-26-000026;0000078003-26-000026;0000078003-26-000026,IncomeLossFromContinuingOperationsBeforeIncomeTaxesExtraordinaryItemsNoncontrollingInterest+OtherNonoperatingIncomeExpense+InterestExpense,companyfacts:USD:CY2025;companyfacts:USD:CY2025;companyfacts:USD:CY2025,5.332834144515162860351928117,ratio,operating income / interest expense; components=IncomeLossFromContinuingOperationsBeforeIncomeTaxesExtraordinaryItemsNoncontrollingInterest=7520000000;OtherNonoperatingIncomeExpense=-6724000000;InterestExpense=2671000000,PASS,Candidate Result and all evidence rows are bound.
AUDIT_50,DERIVED,Pfizer,B08,Current ratio,1.159906986805104910231451438,ratio,OK,DERIVED,2025-12-31,2025-12-31,0000078003-26-000026;0000078003-26-000026,AssetsCurrent+LiabilitiesCurrent,companyfacts:USD:;companyfacts:USD:,1.159906986805104910231451438,ratio,current assets / current liabilities; components=AssetsCurrent=42898000000;LiabilitiesCurrent=36984000000,PASS,Candidate Result and all evidence rows are bound.
AUDIT_51,STD_XBRL,Pfizer,B09,Cash reserves,1142000000,USD,OK,STD_XBRL,2025-12-31,2025-12-31,0000078003-26-000026,CashAndCashEquivalentsAtCarryingValue,companyfacts:USD:,1142000000,USD,us-gaap:CashAndCashEquivalentsAtCarryingValue unit=USD accn=0000078003-26-000026 filed=2026-02-26,PASS,Candidate Result and all evidence rows are bound.
AUDIT_52,8K_ITEM,Pfizer,C01,CEO / CFO changes,0,count,NOT_AVAILABLE_SEC,8K_ITEM,2025-01-01,2025-12-31,0000078003-25-000017;0000078003-25-000109;0000078003-25-000111;0000078003-25-000136;0000078003-25-000149;0000078003-25-000159;0000078003-25-000167;0001193125-25-122480;0001193125-25-291406,8-K Item 5.02,FY-window 8-K accessions scanned,0,count,FY-window 8-K scanned; no item 5.02 found.,PASS,Candidate Result and all evidence rows are bound.
AUDIT_53,8K_ITEM,Pfizer,E01,M&A announcements,0,count,NOT_AVAILABLE_SEC,8K_ITEM,2025-01-01,2025-12-31,0000078003-25-000017;0000078003-25-000109;0000078003-25-000111;0000078003-25-000136;0000078003-25-000149;0000078003-25-000159;0000078003-25-000167;0001193125-25-122480;0001193125-25-291406,8-K Item 1.01/2.01/8.01,FY-window 8-K accessions scanned,0,count,FY-window 8-K scanned; no M&A item rule matched.,PASS,Candidate Result and all evidence rows are bound.
AUDIT_54,8K_ITEM,Pfizer,E02,Bankruptcy filings,0,count,NOT_AVAILABLE_SEC,8K_ITEM,2025-01-01,2025-12-31,0000078003-25-000017;0000078003-25-000109;0000078003-25-000111;0000078003-25-000136;0000078003-25-000149;0000078003-25-000159;0000078003-25-000167;0001193125-25-122480;0001193125-25-291406,8-K Item 1.03,FY-window 8-K accessions scanned,0,count,No Item 1.03 in FY-window 8-K; zero is normal.,PASS,Candidate Result and all evidence rows are bound.
AUDIT_55,8K_ITEM,Pfizer,E03,Leadership departures,0,count,NOT_AVAILABLE_SEC,8K_ITEM,2025-01-01,2025-12-31,0000078003-25-000017;0000078003-25-000109;0000078003-25-000111;0000078003-25-000136;0000078003-25-000149;0000078003-25-000159;0000078003-25-000167;0001193125-25-122480;0001193125-25-291406,8-K Item 5.02,FY-window 8-K accessions scanned,0,count,FY-window 8-K scanned; no item 5.02 found.,PASS,Candidate Result and all evidence rows are bound.
AUDIT_56,8K_ITEM,Pfizer,E04,Financial restatements,0,count,NOT_AVAILABLE_SEC,8K_ITEM,2025-01-01,2025-12-31,0000078003-25-000017;0000078003-25-000109;0000078003-25-000111;0000078003-25-000136;0000078003-25-000149;0000078003-25-000159;0000078003-25-000167;0001193125-25-122480;0001193125-25-291406,8-K Item 4.02,FY-window 8-K accessions scanned,0,count,FY-window 8-K scanned; no item 4.02 found.,PASS,Candidate Result and all evidence rows are bound.
AUDIT_57,8K_ITEM,Pfizer,E05,Material agreements,0,count,NOT_AVAILABLE_SEC,8K_ITEM,2025-01-01,2025-12-31,0000078003-25-000017;0000078003-25-000109;0000078003-25-000111;0000078003-25-000136;0000078003-25-000149;0000078003-25-000159;0000078003-25-000167;0001193125-25-122480;0001193125-25-291406,8-K Item 1.01,FY-window 8-K accessions scanned,0,count,FY-window 8-K scanned; no item 1.01 found.,PASS,Candidate Result and all evidence rows are bound.
AUDIT_58,DIM_XBRL,JPMorgan Chase,A01,Tier 1 capital ratio,0.155,pure,DIM_XBRL_OK,DIM_XBRL,2025-01-01,2025-12-31,0001628280-26-008131,TierOneRiskBasedCapitalToRiskWeightedAssets,srt:ConsolidatedEntitiesAxis=srt:ParentCompanyMember;us-gaap:RiskWeightedAssetsCalculationMethodologyAxis=jpm:BaselIIIStandardizedMember,0.155,pure,TierOneRiskBasedCapitalToRiskWeightedAssets unit=pure context=c-2053 dimensions=srt:ConsolidatedEntitiesAxis=srt:ParentCompanyMember;us-gaap:RiskWeightedAssetsCalculationMethodologyAxis=jpm:BaselIIIStandardizedMember value=0.155,PASS,Candidate Result and all evidence rows are bound.
AUDIT_59,DIM_XBRL,JPMorgan Chase,A02,CET1 ratio,0.146,pure,DIM_XBRL_OK,DIM_XBRL,2025-01-01,2025-12-31,0001628280-26-008131,CommonEquityTier1CapitaltoRiskWeightedAssets,srt:ConsolidatedEntitiesAxis=srt:ParentCompanyMember;us-gaap:RiskWeightedAssetsCalculationMethodologyAxis=jpm:BaselIIIStandardizedMember,0.146,pure,CommonEquityTier1CapitaltoRiskWeightedAssets unit=pure context=c-2053 dimensions=srt:ConsolidatedEntitiesAxis=srt:ParentCompanyMember;us-gaap:RiskWeightedAssetsCalculationMethodologyAxis=jpm:BaselIIIStandardizedMember value=0.146,PASS,Candidate Result and all evidence rows are bound.
AUDIT_60,STD_XBRL,JPMorgan Chase,A08,Fee income vs interest income,0.9115807340506899405928145595,ratio,OK,STD_XBRL,2025-01-01,2025-12-31,0001628280-26-008131;0001628280-26-008131,NoninterestIncome+InterestIncomeExpenseNet,companyfacts:USD:CY2025;companyfacts:USD:CY2025,0.9115807340506899405928145595,ratio,NoninterestIncome / InterestIncomeExpenseNet; components=NoninterestIncome=87004000000;InterestIncomeExpenseNet=95443000000,PASS,Candidate Result and all evidence rows are bound.
AUDIT_61,STD_XBRL,JPMorgan Chase,A10,Loan loss reserves,0.01828725144704575539159843992,ratio,OK,STD_XBRL,2025-12-31,2025-12-31,0001628280-26-008131;0001628280-26-008131,FinancingReceivableAllowanceForCreditLossExcludingAccruedInterest+FinancingReceivableExcludingAccruedInterestBeforeAllowanceForCreditLoss,companyfacts:USD:;companyfacts:USD:,0.01828725144704575539159843992,ratio,FinancingReceivableAllowanceForCreditLossExcludingAccruedInterest / FinancingReceivableExcludingAccruedInterestBeforeAllowanceForCreditLoss; components=FinancingReceivableAllowanceForCreditLossExcludingAccruedInterest=25765000000;FinancingReceivableExcludingAccruedInterestBeforeAllowanceForCreditLoss=1408905000000,PASS,Candidate Result and all evidence rows are bound.
AUDIT_62,DERIVED,JPMorgan Chase,A05,ROA,0.01353819078340816975991354239,ratio,OK,DERIVED,2025-01-01,2025-12-31,0001628280-26-008131;0001628280-26-008131;0000019617-25-000270,NetIncomeLoss+Assets+Assets,companyfacts:USD:;companyfacts:USD:;companyfacts:USD:,0.01353819078340816975991354239,ratio,net income / average total assets; components=NetIncomeLoss=57048000000;Assets=4424900000000;Assets=4002814000000,PASS,Candidate Result and all evidence rows are bound.
AUDIT_63,DERIVED,JPMorgan Chase,A06,ROE,0.1613357541615054383791763528,ratio,OK,DERIVED,2025-01-01,2025-12-31,0001628280-26-008131;0001628280-26-008131;0000019617-25-000270,NetIncomeLoss+StockholdersEquity+StockholdersEquity,companyfacts:USD:;companyfacts:USD:;companyfacts:USD:,0.1613357541615054383791763528,ratio,net income / average shareholders' equity; components=NetIncomeLoss=57048000000;StockholdersEquity=362438000000;StockholdersEquity=344758000000,PASS,Candidate Result and all evidence rows are bound.
AUDIT_64,DERIVED,JPMorgan Chase,A07,Net income trends,-1423000000,USD,OK,DERIVED,2025-01-01,2025-12-31,0001628280-26-008131;0000019617-25-000270,NetIncomeLoss+NetIncomeLoss,companyfacts:USD:;companyfacts:USD:,-1423000000,USD,NetIncome_t - NetIncome_t-1; components=NetIncomeLoss=57048000000;NetIncomeLoss=58471000000,PASS,Candidate Result and all evidence rows are bound.
AUDIT_65,8K_ITEM,JPMorgan Chase,C01,CEO / CFO changes,3,count,8K_ITEM_OK,8K_ITEM,2025-01-01,2025-12-31,0000019617-25-000056;0000019617-25-001100;0001193125-25-006009,8-K Item 5.02,FY window,3;3;3,count;count;count,8-K item 5.02 parsed from hdr.sgml | 8-K item 5.02 parsed from hdr.sgml | 8-K item 5.02 parsed from hdr.sgml,PASS,Candidate Result and all evidence rows are bound.
AUDIT_66,8K_ITEM,JPMorgan Chase,E01,M&A announcements,0,count,NOT_AVAILABLE_SEC,8K_ITEM,2025-01-01,2025-12-31,0000019617-25-000040;0000019617-25-000042;0000019617-25-000056;0000019617-25-000332;0000019617-25-000334;0000019617-25-000483;0000019617-25-000485;0000019617-25-000509;0000019617-25-000510;0000019617-25-000518;0000019617-25-000520;0000019617-25-000907;0000019617-25-001100;0001193125-25-006009;0001193125-25-012230;0001193125-25-013396;0001193125-25-020070;0001193125-25-078015;0001193125-25-089203;0001193125-25-163423;0001193125-25-246803;0001628280-25-044845;0001628280-25-044887,8-K Item 1.01/2.01/8.01,FY-window 8-K accessions scanned,0,count,FY-window 8-K scanned; no M&A item rule matched.,PASS,Candidate Result and all evidence rows are bound.
AUDIT_67,8K_ITEM,JPMorgan Chase,E02,Bankruptcy filings,0,count,NOT_AVAILABLE_SEC,8K_ITEM,2025-01-01,2025-12-31,0000019617-25-000040;0000019617-25-000042;0000019617-25-000056;0000019617-25-000332;0000019617-25-000334;0000019617-25-000483;0000019617-25-000485;0000019617-25-000509;0000019617-25-000510;0000019617-25-000518;0000019617-25-000520;0000019617-25-000907;0000019617-25-001100;0001193125-25-006009;0001193125-25-012230;0001193125-25-013396;0001193125-25-020070;0001193125-25-078015;0001193125-25-089203;0001193125-25-163423;0001193125-25-246803;0001628280-25-044845;0001628280-25-044887,8-K Item 1.03,FY-window 8-K accessions scanned,0,count,No Item 1.03 in FY-window 8-K; zero is normal.,PASS,Candidate Result and all evidence rows are bound.
AUDIT_68,8K_ITEM,JPMorgan Chase,E03,Leadership departures,3,count,8K_ITEM_OK,8K_ITEM,2025-01-01,2025-12-31,0000019617-25-000056;0000019617-25-001100;0001193125-25-006009,8-K Item 5.02,FY window,3;3;3,count;count;count,8-K item 5.02 parsed from hdr.sgml | 8-K item 5.02 parsed from hdr.sgml | 8-K item 5.02 parsed from hdr.sgml,PASS,Candidate Result and all evidence rows are bound.
AUDIT_69,8K_ITEM,JPMorgan Chase,E04,Financial restatements,0,count,NOT_AVAILABLE_SEC,8K_ITEM,2025-01-01,2025-12-31,0000019617-25-000040;0000019617-25-000042;0000019617-25-000056;0000019617-25-000332;0000019617-25-000334;0000019617-25-000483;0000019617-25-000485;0000019617-25-000509;0000019617-25-000510;0000019617-25-000518;0000019617-25-000520;0000019617-25-000907;0000019617-25-001100;0001193125-25-006009;0001193125-25-012230;0001193125-25-013396;0001193125-25-020070;0001193125-25-078015;0001193125-25-089203;0001193125-25-163423;0001193125-25-246803;0001628280-25-044845;0001628280-25-044887,8-K Item 4.02,FY-window 8-K accessions scanned,0,count,FY-window 8-K scanned; no item 4.02 found.,PASS,Candidate Result and all evidence rows are bound.
AUDIT_70,8K_ITEM,JPMorgan Chase,E05,Material agreements,0,count,NOT_AVAILABLE_SEC,8K_ITEM,2025-01-01,2025-12-31,0000019617-25-000040;0000019617-25-000042;0000019617-25-000056;0000019617-25-000332;0000019617-25-000334;0000019617-25-000483;0000019617-25-000485;0000019617-25-000509;0000019617-25-000510;0000019617-25-000518;0000019617-25-000520;0000019617-25-000907;0000019617-25-001100;0001193125-25-006009;0001193125-25-012230;0001193125-25-013396;0001193125-25-020070;0001193125-25-078015;0001193125-25-089203;0001193125-25-163423;0001193125-25-246803;0001628280-25-044845;0001628280-25-044887,8-K Item 1.01,FY-window 8-K accessions scanned,0,count,FY-window 8-K scanned; no item 1.01 found.,PASS,Candidate Result and all evidence rows are bound.
AUDIT_71,STD_XBRL,Salesforce,B01,Revenue,41525000000,USD,OK,STD_XBRL,2025-02-01,2026-01-31,0001108524-26-000060,RevenueFromContractWithCustomerExcludingAssessedTax,companyfacts:USD:CY2025,41525000000,USD,us-gaap:RevenueFromContractWithCustomerExcludingAssessedTax unit=USD accn=0001108524-26-000060 filed=2026-03-02,PASS,Candidate Result and all evidence rows are bound.
AUDIT_72,DERIVED,Salesforce,B02,Revenue YoY growth,0.09579100145137880986937590711,ratio,OK,DERIVED,2025-02-01,2026-01-31,0001108524-26-000060;0001108524-25-000006,RevenueFromContractWithCustomerExcludingAssessedTax+RevenueFromContractWithCustomerExcludingAssessedTax,companyfacts:USD:CY2025;companyfacts:USD:,0.09579100145137880986937590711,ratio,(Revenue_t - Revenue_t-1) / Revenue_t-1; components=RevenueFromContractWithCustomerExcludingAssessedTax=41525000000;RevenueFromContractWithCustomerExcludingAssessedTax=37895000000,PASS,Candidate Result and all evidence rows are bound.
AUDIT_73,DERIVED,Salesforce,B03,EBITDA margin,0.2295243829018663455749548465,ratio,OK,DERIVED,2025-02-01,2026-01-31,0001108524-26-000060;0001108524-26-000060;0001108524-26-000060,OperatingIncomeLoss+DepreciationDepletionAndAmortization+RevenueFromContractWithCustomerExcludingAssessedTax,companyfacts:USD:CY2025;companyfacts:USD:CY2025;companyfacts:USD:CY2025,0.2295243829018663455749548465,ratio,(Operating income + D&A) / revenue; components=OperatingIncomeLoss=8331000000;DepreciationDepletionAndAmortization=1200000000;RevenueFromContractWithCustomerExcludingAssessedTax=41525000000,PASS,Candidate Result and all evidence rows are bound.
AUDIT_74,STD_XBRL,Salesforce,B04,Net income,7457000000,USD,OK,STD_XBRL,2025-02-01,2026-01-31,0001108524-26-000060,NetIncomeLoss,companyfacts:USD:,7457000000,USD,us-gaap:NetIncomeLoss unit=USD accn=0001108524-26-000060 filed=2026-03-02,PASS,Candidate Result and all evidence rows are bound.
AUDIT_75,DERIVED,Salesforce,B05,Free cash flow,14402000000,USD,OK,DERIVED,2025-02-01,2026-01-31,0001108524-26-000060;0001108524-26-000060,NetCashProvidedByUsedInOperatingActivities+PaymentsToAcquirePropertyPlantAndEquipment,companyfacts:USD:CY2025;companyfacts:USD:CY2025,14402000000,USD,operating cash flow - capital expenditures; components=NetCashProvidedByUsedInOperatingActivities=14996000000;PaymentsToAcquirePropertyPlantAndEquipment=594000000,PASS,Candidate Result and all evidence rows are bound.
AUDIT_76,DERIVED,Salesforce,B07,Interest coverage ratio,25.71296296296296296296296296,ratio,OK,DERIVED,2025-02-01,2026-01-31,0001108524-26-000060;0001108524-26-000060,OperatingIncomeLoss+InterestExpenseDebt,companyfacts:USD:CY2025;companyfacts:USD:CY2025,25.71296296296296296296296296,ratio,operating income / interest expense; components=OperatingIncomeLoss=8331000000;InterestExpenseDebt=324000000,PASS,Candidate Result and all evidence rows are bound.
AUDIT_77,DERIVED,Salesforce,B08,Current ratio,0.7603319144350449916482569104,ratio,OK,DERIVED,2026-01-31,2026-01-31,0001108524-26-000060;0001108524-26-000060,AssetsCurrent+LiabilitiesCurrent,companyfacts:USD:;companyfacts:USD:,0.7603319144350449916482569104,ratio,current assets / current liabilities; components=AssetsCurrent=28222000000;LiabilitiesCurrent=37118000000,PASS,Candidate Result and all evidence rows are bound.
AUDIT_78,STD_XBRL,Salesforce,B09,Cash reserves,7327000000,USD,OK,STD_XBRL,2026-01-31,2026-01-31,0001108524-26-000060,CashAndCashEquivalentsAtCarryingValue,companyfacts:USD:,7327000000,USD,us-gaap:CashAndCashEquivalentsAtCarryingValue unit=USD accn=0001108524-26-000060 filed=2026-03-02,PASS,Candidate Result and all evidence rows are bound.
AUDIT_79,DIM_XBRL,Salesforce,B12,ARR / churn or RPO substitute,72400000000,USD,DIM_XBRL_OK,DIM_XBRL,2025-02-01,2026-01-31,0001108524-26-000060,RevenueRemainingPerformanceObligation,c-4,72400000000,USD,RevenueRemainingPerformanceObligation unit=iso4217:USD context=c-4 value=72400000000,PASS,Candidate Result and all evidence rows are bound.
AUDIT_80,8K_ITEM,Salesforce,C01,CEO / CFO changes,3,count,8K_ITEM_OK,8K_ITEM,2025-02-01,2026-01-31,0001108524-25-000033;0001108524-25-000040;0001193125-25-020881,8-K Item 5.02,FY window,3;3;3,count;count;count,8-K item 5.02 parsed from hdr.sgml | 8-K item 5.02 parsed from hdr.sgml | 8-K item 5.02 parsed from hdr.sgml,PASS,Candidate Result and all evidence rows are bound.
AUDIT_81,8K_ITEM,Salesforce,E01,M&A announcements,1,count,8K_ITEM_OK,8K_ITEM,2025-02-01,2026-01-31,0001193125-25-145772,8-K Item 1.01/2.01/8.01,FY-window 8-K accessions scanned,1,count,8-K item 1.01 parsed from hdr.sgml,PASS,Candidate Result and all evidence rows are bound.
AUDIT_82,8K_ITEM,Salesforce,E02,Bankruptcy filings,0,count,NOT_AVAILABLE_SEC,8K_ITEM,2025-02-01,2026-01-31,0001108524-25-000002;0001108524-25-000027;0001108524-25-000033;0001108524-25-000040;0001108524-25-000083;0001108524-25-000168;0001108524-25-000207;0001108524-25-000234;0001193125-25-020881;0001193125-25-126271;0001193125-25-145772,8-K Item 1.03,FY-window 8-K accessions scanned,0,count,No Item 1.03 in FY-window 8-K; zero is normal.,PASS,Candidate Result and all evidence rows are bound.
AUDIT_83,8K_ITEM,Salesforce,E03,Leadership departures,3,count,8K_ITEM_OK,8K_ITEM,2025-02-01,2026-01-31,0001108524-25-000033;0001108524-25-000040;0001193125-25-020881,8-K Item 5.02,FY window,3;3;3,count;count;count,8-K item 5.02 parsed from hdr.sgml | 8-K item 5.02 parsed from hdr.sgml | 8-K item 5.02 parsed from hdr.sgml,PASS,Candidate Result and all evidence rows are bound.
AUDIT_84,8K_ITEM,Salesforce,E04,Financial restatements,0,count,NOT_AVAILABLE_SEC,8K_ITEM,2025-02-01,2026-01-31,0001108524-25-000002;0001108524-25-000027;0001108524-25-000033;0001108524-25-000040;0001108524-25-000083;0001108524-25-000168;0001108524-25-000207;0001108524-25-000234;0001193125-25-020881;0001193125-25-126271;0001193125-25-145772,8-K Item 4.02,FY-window 8-K accessions scanned,0,count,FY-window 8-K scanned; no item 4.02 found.,PASS,Candidate Result and all evidence rows are bound.
AUDIT_85,8K_ITEM,Salesforce,E05,Material agreements,1,count,8K_ITEM_OK,8K_ITEM,2025-02-01,2026-01-31,0001193125-25-145772,8-K Item 1.01,FY window,1,count,8-K item 1.01 parsed from hdr.sgml,PASS,Candidate Result and all evidence rows are bound.
AUDIT_86,STD_XBRL,Lumen Technologies,B01,Revenue,11331000000,USD,OK,STD_XBRL,2025-01-01,2025-12-31,0000018926-26-000014,RevenueFromContractWithCustomerExcludingAssessedTax,companyfacts:USD:CY2025,11331000000,USD,us-gaap:RevenueFromContractWithCustomerExcludingAssessedTax unit=USD accn=0000018926-26-000014 filed=2026-02-20,PASS,Candidate Result and all evidence rows are bound.
AUDIT_87,DERIVED,Lumen Technologies,B02,Revenue YoY growth,-0.06579272817214939401434578283,ratio,OK,DERIVED,2025-01-01,2025-12-31,0000018926-26-000014;0000018926-25-000010,RevenueFromContractWithCustomerExcludingAssessedTax+RevenueFromContractWithCustomerExcludingAssessedTax,companyfacts:USD:CY2025;companyfacts:USD:,-0.06579272817214939401434578283,ratio,(Revenue_t - Revenue_t-1) / Revenue_t-1; components=RevenueFromContractWithCustomerExcludingAssessedTax=11331000000;RevenueFromContractWithCustomerExcludingAssessedTax=12129000000,PASS,Candidate Result and all evidence rows are bound.
AUDIT_88,DERIVED,Lumen Technologies,B03,EBITDA margin,0.1709469596681669755537904863,ratio,OK,DERIVED,2025-01-01,2025-12-31,0000018926-26-000014;0000018926-26-000014;0000018926-26-000014,OperatingIncomeLoss+DepreciationDepletionAndAmortization+RevenueFromContractWithCustomerExcludingAssessedTax,companyfacts:USD:CY2025;companyfacts:USD:CY2025;companyfacts:USD:CY2025,0.1709469596681669755537904863,ratio,(Operating income + D&A) / revenue; components=OperatingIncomeLoss=-812000000;DepreciationDepletionAndAmortization=2749000000;RevenueFromContractWithCustomerExcludingAssessedTax=11331000000,PASS,Candidate Result and all evidence rows are bound.
AUDIT_89,STD_XBRL,Lumen Technologies,B04,Net income,-1739000000,USD,OK,STD_XBRL,2025-01-01,2025-12-31,0000018926-26-000014,NetIncomeLoss,companyfacts:USD:,-1739000000,USD,us-gaap:NetIncomeLoss unit=USD accn=0000018926-26-000014 filed=2026-02-20,PASS,Candidate Result and all evidence rows are bound.
AUDIT_90,DERIVED,Lumen Technologies,B05,Free cash flow,371000000,USD,OK,DERIVED,2025-01-01,2025-12-31,0000018926-26-000014;0000018926-26-000014,NetCashProvidedByUsedInOperatingActivities+PaymentsToAcquireProductiveAssets,companyfacts:USD:CY2025;companyfacts:USD:CY2025,371000000,USD,operating cash flow - capital expenditures; components=NetCashProvidedByUsedInOperatingActivities=4738000000;PaymentsToAcquireProductiveAssets=4367000000,PASS,Candidate Result and all evidence rows are bound.
AUDIT_91,DERIVED,Lumen Technologies,B08,Current ratio,1.801594533029612756264236902,ratio,OK,DERIVED,2025-12-31,2025-12-31,0000018926-26-000014;0000018926-26-000014,AssetsCurrent+LiabilitiesCurrent,companyfacts:USD:;companyfacts:USD:,1.801594533029612756264236902,ratio,current assets / current liabilities; components=AssetsCurrent=7909000000;LiabilitiesCurrent=4390000000,PASS,Candidate Result and all evidence rows are bound.
AUDIT_92,STD_XBRL,Lumen Technologies,B09,Cash reserves,1003000000,USD,OK,STD_XBRL,2025-12-31,2025-12-31,0000018926-26-000014,CashAndCashEquivalentsAtCarryingValue,companyfacts:USD:,1003000000,USD,us-gaap:CashAndCashEquivalentsAtCarryingValue unit=USD accn=0000018926-26-000014 filed=2026-02-20,PASS,Candidate Result and all evidence rows are bound.
AUDIT_93,8K_ITEM,Lumen Technologies,C01,CEO / CFO changes,2,count,8K_ITEM_OK,8K_ITEM,2025-01-01,2025-12-31,0001193125-25-203545;0001193125-25-308717,8-K Item 5.02,FY window,2;2,count;count,8-K item 5.02 parsed from hdr.sgml | 8-K item 5.02 parsed from hdr.sgml,PASS,Candidate Result and all evidence rows are bound.
AUDIT_94,8K_ITEM,Lumen Technologies,E01,M&A announcements,7,count,8K_ITEM_OK,8K_ITEM,2025-01-01,2025-12-31,0000018926-25-000039;0001193125-25-124002;0001193125-25-152683;0001193125-25-182730;0001193125-25-198334;0001193125-25-223206;0001193125-25-330850,8-K Item 1.01/2.01/8.01,FY-window 8-K accessions scanned,7;7;7;7;7;7;7,count;count;count;count;count;count;count,8-K item 1.01 parsed from hdr.sgml | 8-K item 1.01 parsed from hdr.sgml | 8-K item 1.01 parsed from hdr.sgml | 8-K item 1.01 parsed from hdr.sgml | 8-K item 1.01 parsed from hdr.sgml | 8-K item 1.01 parsed from hdr.sgml | 8-K item 1.01 parsed from hdr.sgml,PASS,Candidate Result and all evidence rows are bound.
AUDIT_95,8K_ITEM,Lumen Technologies,E02,Bankruptcy filings,0,count,NOT_AVAILABLE_SEC,8K_ITEM,2025-01-01,2025-12-31,0000018926-25-000004;0000018926-25-000039;0000018926-25-000047;0000018926-25-000059;0000018926-25-000092;0000018926-25-000110;0001193125-25-124002;0001193125-25-141702;0001193125-25-152683;0001193125-25-172843;0001193125-25-182730;0001193125-25-196061;0001193125-25-198334;0001193125-25-203545;0001193125-25-223206;0001193125-25-308717;0001193125-25-311581;0001193125-25-327637;0001193125-25-330850,8-K Item 1.03,FY-window 8-K accessions scanned,0,count,No Item 1.03 in FY-window 8-K; zero is normal.,PASS,Candidate Result and all evidence rows are bound.
AUDIT_96,8K_ITEM,Lumen Technologies,E03,Leadership departures,2,count,8K_ITEM_OK,8K_ITEM,2025-01-01,2025-12-31,0001193125-25-203545;0001193125-25-308717,8-K Item 5.02,FY window,2;2,count;count,8-K item 5.02 parsed from hdr.sgml | 8-K item 5.02 parsed from hdr.sgml,PASS,Candidate Result and all evidence rows are bound.
AUDIT_97,8K_ITEM,Lumen Technologies,E04,Financial restatements,0,count,NOT_AVAILABLE_SEC,8K_ITEM,2025-01-01,2025-12-31,0000018926-25-000004;0000018926-25-000039;0000018926-25-000047;0000018926-25-000059;0000018926-25-000092;0000018926-25-000110;0001193125-25-124002;0001193125-25-141702;0001193125-25-152683;0001193125-25-172843;0001193125-25-182730;0001193125-25-196061;0001193125-25-198334;0001193125-25-203545;0001193125-25-223206;0001193125-25-308717;0001193125-25-311581;0001193125-25-327637;0001193125-25-330850,8-K Item 4.02,FY-window 8-K accessions scanned,0,count,FY-window 8-K scanned; no item 4.02 found.,PASS,Candidate Result and all evidence rows are bound.
AUDIT_98,8K_ITEM,Lumen Technologies,E05,Material agreements,7,count,8K_ITEM_OK,8K_ITEM,2025-01-01,2025-12-31,0000018926-25-000039;0001193125-25-124002;0001193125-25-152683;0001193125-25-182730;0001193125-25-198334;0001193125-25-223206;0001193125-25-330850,8-K Item 1.01,FY window,7;7;7;7;7;7;7,count;count;count;count;count;count;count,8-K item 1.01 parsed from hdr.sgml | 8-K item 1.01 parsed from hdr.sgml | 8-K item 1.01 parsed from hdr.sgml | 8-K item 1.01 parsed from hdr.sgml | 8-K item 1.01 parsed from hdr.sgml | 8-K item 1.01 parsed from hdr.sgml | 8-K item 1.01 parsed from hdr.sgml,PASS,Candidate Result and all evidence rows are bound.
AUDIT_99,STD_XBRL,Macy's,B01,Revenue,21764000000,USD,OK,STD_XBRL,2025-02-02,2026-01-31,0001628280-26-021721,RevenueFromContractWithCustomerExcludingAssessedTax,companyfacts:USD:CY2025,21764000000,USD,us-gaap:RevenueFromContractWithCustomerExcludingAssessedTax unit=USD accn=0001628280-26-021721 filed=2026-03-27,PASS,Candidate Result and all evidence rows are bound.
AUDIT_100,DERIVED,Macy's,B02,Revenue YoY growth,-0.02372942179159377383035033419,ratio,OK,DERIVED,2025-02-02,2026-01-31,0001628280-26-021721;0001628280-25-014315,RevenueFromContractWithCustomerExcludingAssessedTax+RevenueFromContractWithCustomerExcludingAssessedTax,companyfacts:USD:CY2025;companyfacts:USD:,-0.02372942179159377383035033419,ratio,(Revenue_t - Revenue_t-1) / Revenue_t-1; components=RevenueFromContractWithCustomerExcludingAssessedTax=21764000000;RevenueFromContractWithCustomerExcludingAssessedTax=22293000000,PASS,Candidate Result and all evidence rows are bound.
AUDIT_101,DERIVED,Macy's,B03,EBITDA margin,0.08840286712001470317956258041,ratio,OK,DERIVED,2025-02-02,2026-01-31,0001628280-26-021721;0001628280-26-021721;0001628280-26-021721,OperatingIncomeLoss+DepreciationDepletionAndAmortization+RevenueFromContractWithCustomerExcludingAssessedTax,companyfacts:USD:CY2025;companyfacts:USD:CY2025;companyfacts:USD:CY2025,0.08840286712001470317956258041,ratio,(Operating income + D&A) / revenue; components=OperatingIncomeLoss=1030000000;DepreciationDepletionAndAmortization=894000000;RevenueFromContractWithCustomerExcludingAssessedTax=21764000000,PASS,Candidate Result and all evidence rows are bound.
AUDIT_102,STD_XBRL,Macy's,B04,Net income,642000000,USD,OK,STD_XBRL,2025-02-02,2026-01-31,0001628280-26-021721,NetIncomeLoss,companyfacts:USD:CY2025,642000000,USD,us-gaap:NetIncomeLoss unit=USD accn=0001628280-26-021721 filed=2026-03-27,PASS,Candidate Result and all evidence rows are bound.
AUDIT_103,DERIVED,Macy's,B05,Free cash flow,1057000000,USD,OK,DERIVED,2025-02-02,2026-01-31,0001628280-26-021721;0001628280-26-021721,NetCashProvidedByUsedInOperatingActivities+PaymentsToAcquirePropertyPlantAndEquipment,companyfacts:USD:CY2025;companyfacts:USD:CY2025,1057000000,USD,operating cash flow - capital expenditures; components=NetCashProvidedByUsedInOperatingActivities=1430000000;PaymentsToAcquirePropertyPlantAndEquipment=373000000,PASS,Candidate Result and all evidence rows are bound.
AUDIT_104,DERIVED,Macy's,B07,Interest coverage ratio,7.410071942446043165467625899,ratio,OK,DERIVED,2025-02-02,2026-01-31,0001628280-26-021721;0001628280-26-021721,OperatingIncomeLoss+InterestExpense,companyfacts:USD:CY2025;companyfacts:USD:CY2025,7.410071942446043165467625899,ratio,operating income / interest expense; components=OperatingIncomeLoss=1030000000;InterestExpense=139000000,PASS,Candidate Result and all evidence rows are bound.
AUDIT_105,DERIVED,Macy's,B08,Current ratio,1.485199198753616737146672602,ratio,OK,DERIVED,2026-01-31,2026-01-31,0001628280-26-021721;0001628280-26-021721,AssetsCurrent+LiabilitiesCurrent,companyfacts:USD:;companyfacts:USD:,1.485199198753616737146672602,ratio,current assets / current liabilities; components=AssetsCurrent=6673000000;LiabilitiesCurrent=4493000000,PASS,Candidate Result and all evidence rows are bound.
AUDIT_106,STD_XBRL,Macy's,B09,Cash reserves,1246000000,USD,OK,STD_XBRL,2026-01-31,2026-01-31,0001628280-26-021721,CashAndCashEquivalentsAtCarryingValue,companyfacts:USD:,1246000000,USD,us-gaap:CashAndCashEquivalentsAtCarryingValue unit=USD accn=0001628280-26-021721 filed=2026-03-27,PASS,Candidate Result and all evidence rows are bound.
AUDIT_107,8K_ITEM,Macy's,C01,CEO / CFO changes,2,count,8K_ITEM_OK,8K_ITEM,2025-02-02,2026-01-31,0000794367-25-000054;0000794367-25-000169,8-K Item 5.02,FY window,2;2,count;count,8-K item 5.02 parsed from hdr.sgml | 8-K item 5.02 parsed from hdr.sgml,PASS,Candidate Result and all evidence rows are bound.
AUDIT_108,8K_ITEM,Macy's,E01,M&A announcements,2,count,8K_ITEM_OK,8K_ITEM,2025-02-02,2026-01-31,0000794367-25-000087;0000794367-25-000137,8-K Item 1.01/2.01/8.01,FY-window 8-K accessions scanned,2;2,count;count,8-K item 1.01 parsed from hdr.sgml | 8-K item 1.01 parsed from hdr.sgml,PASS,Candidate Result and all evidence rows are bound.
AUDIT_109,8K_ITEM,Macy's,E02,Bankruptcy filings,0,count,NOT_AVAILABLE_SEC,8K_ITEM,2025-02-02,2026-01-31,0000794367-25-000010;0000794367-25-000054;0000794367-25-000087;0000794367-25-000092;0000794367-25-000128;0000794367-25-000132;0000794367-25-000137;0000794367-25-000139;0000794367-25-000165;0000794367-25-000169;0001628280-25-010767;0001628280-25-028040;0001628280-25-054900,8-K Item 1.03,FY-window 8-K accessions scanned,0,count,No Item 1.03 in FY-window 8-K; zero is normal.,PASS,Candidate Result and all evidence rows are bound.
AUDIT_110,8K_ITEM,Macy's,E03,Leadership departures,2,count,8K_ITEM_OK,8K_ITEM,2025-02-02,2026-01-31,0000794367-25-000054;0000794367-25-000169,8-K Item 5.02,FY window,2;2,count;count,8-K item 5.02 parsed from hdr.sgml | 8-K item 5.02 parsed from hdr.sgml,PASS,Candidate Result and all evidence rows are bound.
AUDIT_111,8K_ITEM,Macy's,E04,Financial restatements,0,count,NOT_AVAILABLE_SEC,8K_ITEM,2025-02-02,2026-01-31,0000794367-25-000010;0000794367-25-000054;0000794367-25-000087;0000794367-25-000092;0000794367-25-000128;0000794367-25-000132;0000794367-25-000137;0000794367-25-000139;0000794367-25-000165;0000794367-25-000169;0001628280-25-010767;0001628280-25-028040;0001628280-25-054900,8-K Item 4.02,FY-window 8-K accessions scanned,0,count,FY-window 8-K scanned; no item 4.02 found.,PASS,Candidate Result and all evidence rows are bound.
AUDIT_112,8K_ITEM,Macy's,E05,Material agreements,2,count,8K_ITEM_OK,8K_ITEM,2025-02-02,2026-01-31,0000794367-25-000087;0000794367-25-000137,8-K Item 1.01,FY window,2;2,count;count,8-K item 1.01 parsed from hdr.sgml | 8-K item 1.01 parsed from hdr.sgml,PASS,Candidate Result and all evidence rows are bound.
AUDIT_113,DERIVED,Paramount Skydance / Paramount Global,B08,Current ratio,1.256722332295499575431644495,ratio,OK,DERIVED,2025-12-31,2025-12-31,0002041610-26-000011;0002041610-26-000011,AssetsCurrent+LiabilitiesCurrent,companyfacts:USD:;companyfacts:USD:,1.256722332295499575431644495,ratio,current assets / current liabilities; components=AssetsCurrent=13320000000;LiabilitiesCurrent=10599000000,PASS,Candidate Result and all evidence rows are bound.
AUDIT_114,STD_XBRL,Paramount Skydance / Paramount Global,B09,Cash reserves,3274000000,USD,OK,STD_XBRL,2025-12-31,2025-12-31,0002041610-26-000011,CashAndCashEquivalentsAtCarryingValue,companyfacts:USD:,3274000000,USD,us-gaap:CashAndCashEquivalentsAtCarryingValue unit=USD accn=0002041610-26-000011 filed=2026-02-25,PASS,Candidate Result and all evidence rows are bound.
AUDIT_115,8K_ITEM,Paramount Skydance / Paramount Global,C01,CEO / CFO changes,10,count,8K_ITEM_OK,8K_ITEM,2024-01-01,2025-12-31,0002041610-25-000021;0000813828-24-000023;0000813828-24-000033;0000813828-24-000034;0000813828-24-000038;0000813828-24-000073;0000813828-24-000075;0000813828-24-000083;0000813828-24-000085;0000813828-24-000087,8-K Item 5.02,FY window,10;10;10;10;10;10;10;10;10;10,count;count;count;count;count;count;count;count;count;count,8-K item 5.02 parsed from hdr.sgml | 8-K item 5.02 parsed from hdr.sgml | 8-K item 5.02 parsed from hdr.sgml | 8-K item 5.02 parsed from hdr.sgml | 8-K item 5.02 parsed from hdr.sgml | 8-K item 5.02 parsed from hdr.sgml | 8-K item 5.02 parsed from hdr.sgml | 8-K item 5.02 parsed from hdr.sgml | 8-K item 5.02 parsed from hdr.sgml | 8-K item 5.02 parsed from hdr.sgml,PASS,Candidate Result and all evidence rows are bound.
AUDIT_116,8K_ITEM,Paramount Skydance / Paramount Global,E01,M&A announcements,2,count,8K_ITEM_OK,8K_ITEM,2024-01-01,2025-12-31,0001193125-24-177535;0001193125-24-196053,8-K Item 1.01/2.01/8.01,FY-window 8-K accessions scanned,2;2,count;count,8-K item 1.01 parsed from hdr.sgml | 8-K item 1.01 parsed from hdr.sgml,PASS,Candidate Result and all evidence rows are bound.
AUDIT_117,8K_ITEM,Paramount Skydance / Paramount Global,E02,Bankruptcy filings,0,count,NOT_AVAILABLE_SEC,8K_ITEM,2024-01-01,2025-12-31,0000813828-24-000009;0000813828-24-000018;0000813828-24-000023;0000813828-24-000028;0000813828-24-000033;0000813828-24-000034;0000813828-24-000038;0000813828-24-000042;0000813828-24-000063;0000813828-24-000069;0000813828-24-000073;0000813828-24-000075;0000813828-24-000081;0000813828-24-000083;0000813828-24-000085;0000813828-24-000087;0001104659-25-123496;0001193125-24-050664;0001193125-24-122356;0001193125-24-177535;0001193125-24-196053;0001193125-24-196972;0001193125-24-253719;0001193125-25-310710;0002041610-25-000021;0002041610-25-000042,8-K Item 1.03,FY-window 8-K accessions scanned,0,count,No Item 1.03 in FY-window 8-K; zero is normal.,PASS,Candidate Result and all evidence rows are bound.
AUDIT_118,8K_ITEM,Paramount Skydance / Paramount Global,E03,Leadership departures,10,count,8K_ITEM_OK,8K_ITEM,2024-01-01,2025-12-31,0002041610-25-000021;0000813828-24-000023;0000813828-24-000033;0000813828-24-000034;0000813828-24-000038;0000813828-24-000073;0000813828-24-000075;0000813828-24-000083;0000813828-24-000085;0000813828-24-000087,8-K Item 5.02,FY window,10;10;10;10;10;10;10;10;10;10,count;count;count;count;count;count;count;count;count;count,8-K item 5.02 parsed from hdr.sgml | 8-K item 5.02 parsed from hdr.sgml | 8-K item 5.02 parsed from hdr.sgml | 8-K item 5.02 parsed from hdr.sgml | 8-K item 5.02 parsed from hdr.sgml | 8-K item 5.02 parsed from hdr.sgml | 8-K item 5.02 parsed from hdr.sgml | 8-K item 5.02 parsed from hdr.sgml | 8-K item 5.02 parsed from hdr.sgml | 8-K item 5.02 parsed from hdr.sgml,PASS,Candidate Result and all evidence rows are bound.
AUDIT_119,8K_ITEM,Paramount Skydance / Paramount Global,E04,Financial restatements,0,count,NOT_AVAILABLE_SEC,8K_ITEM,2024-01-01,2025-12-31,0000813828-24-000009;0000813828-24-000018;0000813828-24-000023;0000813828-24-000028;0000813828-24-000033;0000813828-24-000034;0000813828-24-000038;0000813828-24-000042;0000813828-24-000063;0000813828-24-000069;0000813828-24-000073;0000813828-24-000075;0000813828-24-000081;0000813828-24-000083;0000813828-24-000085;0000813828-24-000087;0001104659-25-123496;0001193125-24-050664;0001193125-24-122356;0001193125-24-177535;0001193125-24-196053;0001193125-24-196972;0001193125-24-253719;0001193125-25-310710;0002041610-25-000021;0002041610-25-000042,8-K Item 4.02,FY-window 8-K accessions scanned,0,count,FY-window 8-K scanned; no item 4.02 found.,PASS,Candidate Result and all evidence rows are bound.
AUDIT_120,8K_ITEM,Paramount Skydance / Paramount Global,E05,Material agreements,2,count,8K_ITEM_OK,8K_ITEM,2024-01-01,2025-12-31,0001193125-24-177535;0001193125-24-196053,8-K Item 1.01,FY window,2;2,count;count,8-K item 1.01 parsed from hdr.sgml | 8-K item 1.01 parsed from hdr.sgml,PASS,Candidate Result and all evidence rows are bound.
AUDIT_121,STD_XBRL,Enphase Energy,B01,Revenue,1472985000,USD,OK,STD_XBRL,2025-01-01,2025-12-31,0001463101-26-000013,RevenueFromContractWithCustomerExcludingAssessedTax,companyfacts:USD:CY2025,1472985000,USD,us-gaap:RevenueFromContractWithCustomerExcludingAssessedTax unit=USD accn=0001463101-26-000013 filed=2026-02-17,PASS,Candidate Result and all evidence rows are bound.
AUDIT_122,DERIVED,Enphase Energy,B02,Revenue YoY growth,0.1071886817555546034487812908,ratio,OK,DERIVED,2025-01-01,2025-12-31,0001463101-26-000013;0001463101-25-000024,RevenueFromContractWithCustomerExcludingAssessedTax+RevenueFromContractWithCustomerExcludingAssessedTax,companyfacts:USD:CY2025;companyfacts:USD:,0.1071886817555546034487812908,ratio,(Revenue_t - Revenue_t-1) / Revenue_t-1; components=RevenueFromContractWithCustomerExcludingAssessedTax=1472985000;RevenueFromContractWithCustomerExcludingAssessedTax=1330383000,PASS,Candidate Result and all evidence rows are bound.
AUDIT_123,DERIVED,Enphase Energy,B03,EBITDA margin,0.1616927531509146393208349033,ratio,OK,DERIVED,2025-01-01,2025-12-31,0001463101-26-000013;0001463101-26-000013;0001463101-26-000013,OperatingIncomeLoss+DepreciationDepletionAndAmortization+RevenueFromContractWithCustomerExcludingAssessedTax,companyfacts:USD:CY2025;companyfacts:USD:CY2025;companyfacts:USD:CY2025,0.1616927531509146393208349033,ratio,(Operating income + D&A) / revenue; components=OperatingIncomeLoss=157526000;DepreciationDepletionAndAmortization=80645000;RevenueFromContractWithCustomerExcludingAssessedTax=1472985000,PASS,Candidate Result and all evidence rows are bound.
AUDIT_124,STD_XBRL,Enphase Energy,B04,Net income,172133000,USD,OK,STD_XBRL,2025-01-01,2025-12-31,0001463101-26-000013,NetIncomeLoss,companyfacts:USD:CY2025,172133000,USD,us-gaap:NetIncomeLoss unit=USD accn=0001463101-26-000013 filed=2026-02-17,PASS,Candidate Result and all evidence rows are bound.
AUDIT_125,DERIVED,Enphase Energy,B05,Free cash flow,95901000,USD,OK,DERIVED,2025-01-01,2025-12-31,0001463101-26-000013;0001463101-26-000013,NetCashProvidedByUsedInOperatingActivities+PaymentsToAcquirePropertyPlantAndEquipment,companyfacts:USD:CY2025;companyfacts:USD:CY2025,95901000,USD,operating cash flow - capital expenditures; components=NetCashProvidedByUsedInOperatingActivities=136540000;PaymentsToAcquirePropertyPlantAndEquipment=40639000,PASS,Candidate Result and all evidence rows are bound.
AUDIT_126,DERIVED,Enphase Energy,B07,Interest coverage ratio,34.84317628843176288431762884,ratio,OK,DERIVED,2025-01-01,2025-12-31,0001463101-26-000013;0001463101-26-000013,OperatingIncomeLoss+InterestExpenseNonoperating,companyfacts:USD:CY2025;companyfacts:USD:CY2025,34.84317628843176288431762884,ratio,operating income / interest expense; components=OperatingIncomeLoss=157526000;InterestExpenseNonoperating=4521000,PASS,Candidate Result and all evidence rows are bound.
AUDIT_127,DERIVED,Enphase Energy,B08,Current ratio,2.065412193479380422295289783,ratio,OK,DERIVED,2025-12-31,2025-12-31,0001463101-26-000013;0001463101-26-000013,AssetsCurrent+LiabilitiesCurrent,companyfacts:USD:;companyfacts:USD:,2.065412193479380422295289783,ratio,current assets / current liabilities; components=AssetsCurrent=2606860000;LiabilitiesCurrent=1262150000,PASS,Candidate Result and all evidence rows are bound.
AUDIT_128,STD_XBRL,Enphase Energy,B09,Cash reserves,474318000,USD,OK,STD_XBRL,2025-12-31,2025-12-31,0001463101-26-000013,CashAndCashEquivalentsAtCarryingValue,companyfacts:USD:,474318000,USD,us-gaap:CashAndCashEquivalentsAtCarryingValue unit=USD accn=0001463101-26-000013 filed=2026-02-17,PASS,Candidate Result and all evidence rows are bound.
AUDIT_129,8K_ITEM,Enphase Energy,C01,CEO / CFO changes,1,count,8K_ITEM_OK,8K_ITEM,2025-01-01,2025-12-31,0001463101-25-000075,8-K Item 5.02,FY window,1,count,8-K item 5.02 parsed from hdr.sgml,PASS,Candidate Result and all evidence rows are bound.
AUDIT_130,8K_ITEM,Enphase Energy,E01,M&A announcements,0,count,NOT_AVAILABLE_SEC,8K_ITEM,2025-01-01,2025-12-31,0001463101-25-000014;0001463101-25-000054;0001463101-25-000075;0001463101-25-000090;0001463101-25-000099;0001463101-25-000111,8-K Item 1.01/2.01/8.01,FY-window 8-K accessions scanned,0,count,FY-window 8-K scanned; no M&A item rule matched.,PASS,Candidate Result and all evidence rows are bound.
AUDIT_131,8K_ITEM,Enphase Energy,E02,Bankruptcy filings,0,count,NOT_AVAILABLE_SEC,8K_ITEM,2025-01-01,2025-12-31,0001463101-25-000014;0001463101-25-000054;0001463101-25-000075;0001463101-25-000090;0001463101-25-000099;0001463101-25-000111,8-K Item 1.03,FY-window 8-K accessions scanned,0,count,No Item 1.03 in FY-window 8-K; zero is normal.,PASS,Candidate Result and all evidence rows are bound.
AUDIT_132,8K_ITEM,Enphase Energy,E03,Leadership departures,1,count,8K_ITEM_OK,8K_ITEM,2025-01-01,2025-12-31,0001463101-25-000075,8-K Item 5.02,FY window,1,count,8-K item 5.02 parsed from hdr.sgml,PASS,Candidate Result and all evidence rows are bound.
AUDIT_133,8K_ITEM,Enphase Energy,E04,Financial restatements,0,count,NOT_AVAILABLE_SEC,8K_ITEM,2025-01-01,2025-12-31,0001463101-25-000014;0001463101-25-000054;0001463101-25-000075;0001463101-25-000090;0001463101-25-000099;0001463101-25-000111,8-K Item 4.02,FY-window 8-K accessions scanned,0,count,FY-window 8-K scanned; no item 4.02 found.,PASS,Candidate Result and all evidence rows are bound.
AUDIT_134,8K_ITEM,Enphase Energy,E05,Material agreements,0,count,NOT_AVAILABLE_SEC,8K_ITEM,2025-01-01,2025-12-31,0001463101-25-000014;0001463101-25-000054;0001463101-25-000075;0001463101-25-000090;0001463101-25-000099;0001463101-25-000111,8-K Item 1.01,FY-window 8-K accessions scanned,0,count,FY-window 8-K scanned; no item 1.01 found.,PASS,Candidate Result and all evidence rows are bound.
