company,cik,metric_id,metric_name,value,unit,status,source_class,formula,period_start,period_end,fiscal_year,fiscal_period,accession,form,filed_date,concept_or_section,context_or_dimension,confidence,notes,company_id,run_id,result_id,requirement_id,requirement_closure_hash,source_checkpoint_id,current_source_checkpoint_id,current_input_matches,current_input_status,result_validity,latest_attempt_status,native_path
Marriott International,1048286,B01,Revenue,26186000000,USD,OK,STD_XBRL,direct,2025-01-01,2025-12-31,2025,ANNUAL,0001048286-26-000007,10-K,2026-02-10,Revenues,"{""annual_filing_period"": {""fiscal_year"": 2025, ""period_end"": ""2025-12-31"", ""period_start"": ""2025-01-01""}, ""measurement_kind"": ""ANNUAL"", ""scope"": {""entity_scope"": ""registrant"", ""period_basis"": ""source_annual_duration""}, ""selection"": {""reason_code"": ""PASS"", ""selected_fact_ids"": [""fact:sha256:640d9a21651aece0a442d56ed33584b1de816baa0a4cbeb0b717c112ca0c878a""], ""source_candidate_count"": 3, ""source_reported_periods"": [[""2023-01-01"", ""2023-12-31""], [""2024-01-01"", ""2024-12-31""], [""2025-01-01"", ""2025-12-31""]]}, ""source_reference_ids"": [""sha256:c37238976da80a6d94cfdac4177c453af617a627c1651f9bb071a20ad8ab2dfe"", ""sha256:40127921b5837f721fb7ec41028d9eeeefb0855d09261b0fef4a1985f5298d4b"", ""sha256:3109bea68ae11f5e3c6ebd77114cda1d6f17d60e772b2630baffdb2639c483e9""]}",,Source-rebuilt native result; exact measurement dates are retained. Measurement covers the source fiscal-year interval. Native state: PUBLISHED; reason: PASS.,marriott_international,run:ordinary-integrated:006ee806ca7680491e299b53fdd9b0c1a71ed00db7c457a9b01773b9049fd8ab,sha256:e279b28db1cecf3434d84fb7455717e5f7340a7e64310d84af935c92e55288bc,issue_28_v13,sha256:99f07acdcc71c1bba18ce1aad9649305723a51bc3fbe2dc0ae4464326c91926d,sha256:f4c231078c8742ef6265661bfa25422ef24ad89324e0010d3087777e1483f796,sha256:f4c231078c8742ef6265661bfa25422ef24ad89324e0010d3087777e1483f796,True,MATCHED,REPLAY_VERIFIED_CONTENT_NOT_ACCEPTED,NO_SOURCE_CONTENT_CHANGE,native/B01/dfee283fc881472c92eb6827c234a12f
Marriott International,1048286,D01,Risk factors summary,"Risks Relating to Our Industry
Our industry is highly competitive, which may impact our ability to compete successfully for guests
Economic and other global, national, and regional conditions and events have in the past materially impacted, and could in the future materially impact, our business, operations, financial results, and growth
Risks Relating to Our Business
Operational Risks
Premature termination of our agreements with hotel owners could materially hurt our financial performance
Disagreements with hotel owners and other counterparties could materially impact our business, operations, financial results, and growth.
Changes in the way hotel rooms are booked could adversely impact our business
Our growth strategy depends upon attracting hotel owners to our platform, and future arrangements with these third parties may be less favorable to us, depending on the terms offered by our competitors
The effects of, or our failure to comply with, applicable laws, regulations, and government policies may disrupt our business, lower our revenues, increase our costs, reduce our profits, limit our growth, or damage our reputation.
Third-party claims that we infringe the intellectual property rights of others or our failure to defend our own intellectual property rights could materially adversely affect our business.
If our brands, goodwill, or other intangible assets become impaired, we may be required to record significant non-cash charges to earnings.
Our business depends on the quality and reputation of our Company and our brands, and any deterioration could adversely impact our market share, reputation, business, financial condition, or results of operations
Actions by our hotel owners or others could materially adversely affect our image and reputation
Collective bargaining activity and strikes could materially disrupt hotel operations, increase labor costs, and interfere with the ability of our management to focus on executing our business strategies
Our business could suffer if we or the hotels in our system cannot attract and retain associates or as the result of the loss of the services of our senior executives
Extreme weather, natural disasters, climate change, and sustainability-related concerns have impacted our business in the past and could in the future have a material adverse effect on our business and results of operations.
Insurance may not cover damage to, or losses involving, hotels in our system or other aspects of our business, and the cost of such insurance could increase
Our Loyalty Program plays a significant role in our business, and unfavorable developments affecting the program could adversely affect our business and results of operations.
Exchange rate fluctuations could result in significant foreign currency gains and losses and affect our business results
Development and Financing Risks
Our hotel owners depend on capital to buy, develop, and improve hotels, and they may be unable to access capital when necessary
Our ability to grow our system is subject to the range of risks associated with real estate investments
Our owned properties and other real estate investments subject us to numerous risks
Risks associated with development and sale of residential properties associated with our lodging properties or brands may reduce our profits
More hotel projects in our development pipeline may be cancelled or delayed in opening, which could adversely affect our growth prospects
Losses on loans or guarantees that we have made to third parties impact our profits
If hotel owners cannot repay or refinance mortgage loans secured by their properties, default under property leases, or experience other financial difficulties, our revenues and profits could materially decrease and our business could be significantly harmed
Technology, Information Protection, and Privacy Risks
Disruption in the functioning of our reservation, Loyalty Program, or other core operational systems, or our use of certain new technologies, could adversely affect our business
A failure to keep pace with developments in technology could impair our operations or competitive position
We are exposed to risks and costs associated with protecting the integrity and security of data
The Data Security Incident, and other information security incidents, could have numerous adverse effects on our business
Additional cybersecurity incidents could have adverse effects on our business.
Changes in privacy and data security laws could increase our operating costs and increase our exposure to payment obligations and litigation.
General Risk Factors
Delaware law and our governing corporate documents contain, and our Board of Directors could implement, anti-takeover provisions that could deter takeover attempts.
Changes in tax law, interpretations of existing tax law, or agreements or disputes with tax authorities could increase our tax costs.",text,TEXT_QUAL,MDA,verbatim Item 1A headings,2025-01-01,2025-12-31,2025,FY,0001048286-26-000007,10-K,2026-02-10,Item 1A+Item 1A+Item 1A+Item 1A+Item 1A+Item 1A+Item 1A+Item 1A+Item 1A+Item 1A+Item 1A+Item 1A+Item 1A+Item 1A+Item 1A+Item 1A+Item 1A+Item 1A+Item 1A+Item 1A+Item 1A+Item 1A+Item 1A+Item 1A+Item 1A+Item 1A+Item 1A+Item 1A+Item 1A+Item 1A+Item 1A+Item 1A+Item 1A+Item 1A+Item 1A+Item 1A+Item 1A+Item 1A,registrant risk disclosures;registrant risk disclosures;registrant risk disclosures;registrant risk disclosures;registrant risk disclosures;registrant risk disclosures;registrant risk disclosures;registrant risk disclosures;registrant risk disclosures;registrant risk disclosures;registrant risk disclosures;registrant risk disclosures;registrant risk disclosures;registrant risk disclosures;registrant risk disclosures;registrant risk disclosures;registrant risk disclosures;registrant risk disclosures;registrant risk disclosures;registrant risk disclosures;registrant risk disclosures;registrant risk disclosures;registrant risk disclosures;registrant risk disclosures;registrant risk disclosures;registrant risk disclosures;registrant risk disclosures;registrant risk disclosures;registrant risk disclosures;registrant risk disclosures;registrant risk disclosures;registrant risk disclosures;registrant risk disclosures;registrant risk disclosures;registrant risk disclosures;registrant risk disclosures;registrant risk disclosures;registrant risk disclosures,,Verbatim headings from the original annual filing. Disclosures do not assert that risks occurred.,marriott_international,run:ordinary-integrated:8d2bf1864e39d677322745374d2800f668a4a8897a26327471c195aa742975e3,sha256:99c76e50d0fb19cd6116a80350a6f1ca38924b5731e812695484d28381b348f8,issue_28_v13,sha256:99f07acdcc71c1bba18ce1aad9649305723a51bc3fbe2dc0ae4464326c91926d,sha256:f4c231078c8742ef6265661bfa25422ef24ad89324e0010d3087777e1483f796,sha256:f4c231078c8742ef6265661bfa25422ef24ad89324e0010d3087777e1483f796,True,MATCHED,REPLAY_VERIFIED_CONTENT_NOT_ACCEPTED,CANDIDATE_READY,native/D01/34f842a9c2f5493898ed7cac92f20174
