company,cik,metric_id,source_url,repo_relative_path,content_sha256,accession,document_name,concept_or_section,context_or_dimension,unit,period_start,period_end,value_raw,value_normalized,evidence_quote,extraction_method,parser_version,company_id,run_id,result_id,requirement_id,requirement_closure_hash,source_checkpoint_id,last_checked_source_checkpoint_id,current_source_checkpoint_id,current_input_matches,current_input_status,result_validity,latest_attempt_status,latest_request_status,requested_in_latest_execution,source_credit,saved_processing_mode,native_path
Marriott International,1048286,C01,https://www.sec.gov/Archives/edgar/data/1048286/000119312525009110/0001193125-25-009110.hdr.sgml,evidence/accession_materials/marriott_international_1048286_000119312525009110/0001193125-25-009110.hdr.sgml,0b7fcc3b211556d4e1426e93c53dc37170a505bdcc8ad1309de1fc9690b2e9f7,0001193125-25-009110,0001193125-25-009110.hdr.sgml,Item 5.02,"{""attributes"": {""accession"": ""0001193125-25-009110"", ""brief"": ""8-K item 5.02 parsed from hdr.sgml"", ""brief_source"": ""HDR_SGML_ITEM_CODE"", ""deterministic_router_semantic_version"": ""2"", ""event_key"": {""accession"": ""0001193125-25-009110"", ""item_code"": ""5.02"", ""source_url"": ""https://www.sec.gov/Archives/edgar/data/1048286/000119312525009110/0001193125-25-009110.hdr.sgml""}, ""event_key_hash"": ""sha256:ed9880e38ec54dccd80a9f7ce5a960600426598bc5b72f03ea815b9cc25c5bab"", ""hdr_source_reference_id"": ""sha256:36c617d02d818b4902d5acf94a0d1d04d4efd5d3400922c92295f8bbf0c17094"", ""item_code"": ""5.02"", ""primary_heading_brief"": ""accounting standards provided pursuant to Section 13(a) of the Exchange Act. ☐ Item 5.02. Departure of Directors or Certain Officers; Election of Directors; Appointment of Certain Officers; Compensatory Arrangements of Certain Officers. On January 17, 2025, the Board of Directors (the “Board”) of Marriott I"", ""primary_source_reference_id"": ""sha256:fad6b06c485aa6415e0dfdfb312d09e774c0d42951288db4d0bbe035c62c52bb"", ""source_url"": ""https://www.sec.gov/Archives/edgar/data/1048286/000119312525009110/0001193125-25-009110.hdr.sgml""}, ""locator"": {""brief_source"": ""HDR_SGML_ITEM_CODE"", ""item_code"": ""5.02""}, ""verified_claim_id"": ""sha256:298484a847e3d30a1f1f04475b7a90c7c3167ce6b7cac2e14c2350059550c5de""}",count,2025-01-01,2025-12-31,,1,"Parsed source fact: {""locator"": {""brief_source"": ""HDR_SGML_ITEM_CODE"", ""item_code"": ""5.02""}, ""unit"": ""text"", ""value"": ""8-K item 5.02 parsed from hdr.sgml""}",ordinary_native_source_projection,ordinary_projection_v1,marriott_international,run:ordinary-integrated:c1a6eaa8e3af229d155f68908b178f1cf21aed805e813ca1c626adf81dce5808,sha256:724b92ab35202cc6c9e26099e8d8710f1b4321b5370e7c3b3e086a1d2a895a95,issue_54_v1,sha256:d4ed95a95ff01c5cebb1905f27e3ced8a59f652226fcd9af957a439219c1e8f4,sha256:f4c231078c8742ef6265661bfa25422ef24ad89324e0010d3087777e1483f796,sha256:f4c231078c8742ef6265661bfa25422ef24ad89324e0010d3087777e1483f796,sha256:f4c231078c8742ef6265661bfa25422ef24ad89324e0010d3087777e1483f796,True,MATCHED,REPLAY_VERIFIED_CONTENT_NOT_ACCEPTED,NO_SOURCE_CONTENT_CHANGE,NO_SOURCE_CONTENT_CHANGE,True,PREEXISTING_SAVED_ACQUISITIONS_ONLY,,native/C01/74f1d8baa8744402835449a54e47f6fc
Marriott International,1048286,C01,https://www.sec.gov/Archives/edgar/data/1048286/000119312525118861/0001193125-25-118861.hdr.sgml,evidence/accession_materials/marriott_international_1048286_000119312525118861/0001193125-25-118861.hdr.sgml,dceca997691cdbc0425a03c514b044a38d87b93062797c344b7e5dd45dd78602,0001193125-25-118861,0001193125-25-118861.hdr.sgml,Item 5.02,"{""attributes"": {""accession"": ""0001193125-25-118861"", ""brief"": ""8-K item 5.02 parsed from hdr.sgml"", ""brief_source"": ""HDR_SGML_ITEM_CODE"", ""deterministic_router_semantic_version"": ""2"", ""event_key"": {""accession"": ""0001193125-25-118861"", ""item_code"": ""5.02"", ""source_url"": ""https://www.sec.gov/Archives/edgar/data/1048286/000119312525118861/0001193125-25-118861.hdr.sgml""}, ""event_key_hash"": ""sha256:0751e7d536fe8c72bc7f85612089263b810b70e31ea72c554bfd7ce385cc2b57"", ""hdr_source_reference_id"": ""sha256:2afc5ddf640c0aaa4cb4142cb7a0d46731c1d8f777997290321cee9e191449d9"", ""item_code"": ""5.02"", ""primary_heading_brief"": ""accounting standards provided pursuant to Section 13(a) of the Exchange Act. ☐ Item 5.02. Departure of Directors or Certain Officers; Election of Directors; Appointment of Certain Officers; Compensatory Arrangements of Certain Officers. Marriott International, Inc. (the “Company”) filed a Current Report on"", ""primary_source_reference_id"": ""sha256:317b5401fbe6ef4544bf193a8a0f144c0359e680e7c6293ab7ff264d2a1b6be5"", ""source_url"": ""https://www.sec.gov/Archives/edgar/data/1048286/000119312525118861/0001193125-25-118861.hdr.sgml""}, ""locator"": {""brief_source"": ""HDR_SGML_ITEM_CODE"", ""item_code"": ""5.02""}, ""verified_claim_id"": ""sha256:6ae0e5d4dd6981ed98ed917dcacd19752794178f9d94430ebd9d46b75975ef35""}",count,2025-01-01,2025-12-31,,1,"Parsed source fact: {""locator"": {""brief_source"": ""HDR_SGML_ITEM_CODE"", ""item_code"": ""5.02""}, ""unit"": ""text"", ""value"": ""8-K item 5.02 parsed from hdr.sgml""}",ordinary_native_source_projection,ordinary_projection_v1,marriott_international,run:ordinary-integrated:c1a6eaa8e3af229d155f68908b178f1cf21aed805e813ca1c626adf81dce5808,sha256:724b92ab35202cc6c9e26099e8d8710f1b4321b5370e7c3b3e086a1d2a895a95,issue_54_v1,sha256:d4ed95a95ff01c5cebb1905f27e3ced8a59f652226fcd9af957a439219c1e8f4,sha256:f4c231078c8742ef6265661bfa25422ef24ad89324e0010d3087777e1483f796,sha256:f4c231078c8742ef6265661bfa25422ef24ad89324e0010d3087777e1483f796,sha256:f4c231078c8742ef6265661bfa25422ef24ad89324e0010d3087777e1483f796,True,MATCHED,REPLAY_VERIFIED_CONTENT_NOT_ACCEPTED,NO_SOURCE_CONTENT_CHANGE,NO_SOURCE_CONTENT_CHANGE,True,PREEXISTING_SAVED_ACQUISITIONS_ONLY,,native/C01/74f1d8baa8744402835449a54e47f6fc
Marriott International,1048286,C01,https://www.sec.gov/Archives/edgar/data/1048286/000119312525158742/0001193125-25-158742.hdr.sgml,evidence/accession_materials/marriott_international_1048286_000119312525158742/0001193125-25-158742.hdr.sgml,12606dfc17776def4d014b710c69365107ba57352ff38843233a631bba6bef4e,0001193125-25-158742,0001193125-25-158742.hdr.sgml,Item 5.02,"{""attributes"": {""accession"": ""0001193125-25-158742"", ""brief"": ""8-K item 5.02 parsed from hdr.sgml"", ""brief_source"": ""HDR_SGML_ITEM_CODE"", ""deterministic_router_semantic_version"": ""2"", ""event_key"": {""accession"": ""0001193125-25-158742"", ""item_code"": ""5.02"", ""source_url"": ""https://www.sec.gov/Archives/edgar/data/1048286/000119312525158742/0001193125-25-158742.hdr.sgml""}, ""event_key_hash"": ""sha256:241d743805871a434fb26a1123bf1af2bec6fcc650d887738ad95006a5acfaf3"", ""hdr_source_reference_id"": ""sha256:87109107b65e3837910d65360fdbd0f86f569c832c94c35dc8f477db39c33cfc"", ""item_code"": ""5.02"", ""primary_heading_brief"": ""l accounting standards provided pursuant to Section 13(a) of the Exchange Act ☐ Item 5.02. Departure of Directors or Certain Officers; Election of Directors; Appointment of Certain Officers; Compensatory Arrangements of Certain Officers. On July 11, 2025, Kathleen K. Oberg, Chief Financial Officer and Execut"", ""primary_source_reference_id"": ""sha256:691fb329e31d5d498d01bf3693695a2b456bbc6e9ddef8f6c88f3894f5357caf"", ""source_url"": ""https://www.sec.gov/Archives/edgar/data/1048286/000119312525158742/0001193125-25-158742.hdr.sgml""}, ""locator"": {""brief_source"": ""HDR_SGML_ITEM_CODE"", ""item_code"": ""5.02""}, ""verified_claim_id"": ""sha256:17e543c70feb68c010ec513a32726fd39fcecca75626a343516ec8b2382dac21""}",count,2025-01-01,2025-12-31,,1,"Parsed source fact: {""locator"": {""brief_source"": ""HDR_SGML_ITEM_CODE"", ""item_code"": ""5.02""}, ""unit"": ""text"", ""value"": ""8-K item 5.02 parsed from hdr.sgml""}",ordinary_native_source_projection,ordinary_projection_v1,marriott_international,run:ordinary-integrated:c1a6eaa8e3af229d155f68908b178f1cf21aed805e813ca1c626adf81dce5808,sha256:724b92ab35202cc6c9e26099e8d8710f1b4321b5370e7c3b3e086a1d2a895a95,issue_54_v1,sha256:d4ed95a95ff01c5cebb1905f27e3ced8a59f652226fcd9af957a439219c1e8f4,sha256:f4c231078c8742ef6265661bfa25422ef24ad89324e0010d3087777e1483f796,sha256:f4c231078c8742ef6265661bfa25422ef24ad89324e0010d3087777e1483f796,sha256:f4c231078c8742ef6265661bfa25422ef24ad89324e0010d3087777e1483f796,True,MATCHED,REPLAY_VERIFIED_CONTENT_NOT_ACCEPTED,NO_SOURCE_CONTENT_CHANGE,NO_SOURCE_CONTENT_CHANGE,True,PREEXISTING_SAVED_ACQUISITIONS_ONLY,,native/C01/74f1d8baa8744402835449a54e47f6fc
Marriott International,1048286,E01,https://data.sec.gov/submissions/CIK0001048286.json,evidence/request_attempts/e3/e3eeefe33c9c7351788d22a96ca36d061230cd2dacadbf44ed6ef79035742bd8/CIK0001048286.json,e3eeefe33c9c7351788d22a96ca36d061230cd2dacadbf44ed6ef79035742bd8,SUBMISSIONS-1048286,CIK0001048286.json,M&A announcements,"{""source_binding"": {""accession"": ""SUBMISSIONS-1048286"", ""document_name"": ""CIK0001048286.json"", ""matched_verified_claim_ids"": [], ""ordered_source_reference_ids"": [""sha256:36c617d02d818b4902d5acf94a0d1d04d4efd5d3400922c92295f8bbf0c17094"", ""sha256:fad6b06c485aa6415e0dfdfb312d09e774c0d42951288db4d0bbe035c62c52bb"", ""sha256:60936afcc1962b3f09c405897c949eb586c262d02fdcd5e316511733012058eb"", ""sha256:bbe8d18d5b70456fdfe6a7141f2da0e1b2ee5866d814c1fecf09b786ec310e45"", ""sha256:1f83e50639e251e30a9d72aa512b92666a3d1238a9c34f9afe4b101057dae5cf"", ""sha256:b7918006e714a2f7fd504bdb6267415f25cec432dabd167cb9a5fbbedcfcc888"", ""sha256:61a6a86137f6a970ed09f81a01e7f1635fd9245a556be6e5987a840f7b605ece"", ""sha256:46b84f82f464a007e2db9a2072261bb78d01fa2116e2d0da5ae8bf4d5638b6b8"", ""sha256:cf130d2988d1fb9f249c865230b00afbe0e54cc31af3a7efc93a336c736927fa"", ""sha256:7b56655b78f8633b1c90334cbbb23d0fa2f500317ba3216a4a42986a6bc315c7"", ""sha256:2afc5ddf640c0aaa4cb4142cb7a0d46731c1d8f777997290321cee9e191449d9"", ""sha256:317b5401fbe6ef4544bf193a8a0f144c0359e680e7c6293ab7ff264d2a1b6be5"", ""sha256:87109107b65e3837910d65360fdbd0f86f569c832c94c35dc8f477db39c33cfc"", ""sha256:691fb329e31d5d498d01bf3693695a2b456bbc6e9ddef8f6c88f3894f5357caf"", ""sha256:04bb0255f0a10aaf9794d06b52cc4cbb45f4a45b8717df332bca22cd3741e8c0"", ""sha256:124b8847246c3b2b1035f38a9edfd8055b78a34b5829ea329db922848dfafc92"", ""sha256:38d839367e9e4abfd3e2ebb4ddc32a2f53e5a3bf74d9338be0c1059bb33efbb3"", ""sha256:291ee02009d2b24b65045254d61aae4e99f2cda9580bafac1a2e992e37dfdb66"", ""sha256:d4fdf2105a90e20788593ec0dd8922df5d294c1f446c1386216dfa613c20c65b"", ""sha256:794697f46a8915c60583241949d41513405204326be36bdfc6b384c092e548d4""], ""raw_asset_id"": ""sha256:e3eeefe33c9c7351788d22a96ca36d061230cd2dacadbf44ed6ef79035742bd8"", ""source_reference_id"": ""sha256:c37238976da80a6d94cfdac4177c453af617a627c1651f9bb071a20ad8ab2dfe"", ""source_role"": ""sec_submissions_inventory"", ""source_set_manifest_id"": ""sha256:b13514b4c9d37f67b616bff0f538812091476fbef1c8b72b39dd44350aec5b48"", ""source_set_role"": ""fy_8k_item_inventory""}, ""source_cells"": []}",count,2025-01-01,2025-12-31,,0,Normalized source-derived observation: M&A announcements=0 unit=count accn=SUBMISSIONS-1048286 filed=,ordinary_native_source_projection,ordinary_projection_v1,marriott_international,run:ordinary-integrated:f55917709ca7d3f96f9244f13aa3dce9818dab8c7423eab957d312beab5ab37e,sha256:1870c574ee0054b417f735a1d89c87e8eb18b9dedcc98a0ea9214ba2f76cbc66,issue_54_v1,sha256:d4ed95a95ff01c5cebb1905f27e3ced8a59f652226fcd9af957a439219c1e8f4,sha256:f4c231078c8742ef6265661bfa25422ef24ad89324e0010d3087777e1483f796,sha256:f4c231078c8742ef6265661bfa25422ef24ad89324e0010d3087777e1483f796,sha256:f4c231078c8742ef6265661bfa25422ef24ad89324e0010d3087777e1483f796,True,MATCHED,REPLAY_VERIFIED_CONTENT_NOT_ACCEPTED,CANDIDATE_READY,CANDIDATE_READY,False,PREEXISTING_SAVED_ACQUISITIONS_ONLY,,native/E01/61d186177e5548f883196f429eda020b
Marriott International,1048286,E02,https://data.sec.gov/submissions/CIK0001048286.json,evidence/request_attempts/e3/e3eeefe33c9c7351788d22a96ca36d061230cd2dacadbf44ed6ef79035742bd8/CIK0001048286.json,e3eeefe33c9c7351788d22a96ca36d061230cd2dacadbf44ed6ef79035742bd8,SUBMISSIONS-1048286,CIK0001048286.json,Bankruptcy filings,"{""source_binding"": {""accession"": ""SUBMISSIONS-1048286"", ""document_name"": ""CIK0001048286.json"", ""matched_verified_claim_ids"": [], ""ordered_source_reference_ids"": [""sha256:36c617d02d818b4902d5acf94a0d1d04d4efd5d3400922c92295f8bbf0c17094"", ""sha256:fad6b06c485aa6415e0dfdfb312d09e774c0d42951288db4d0bbe035c62c52bb"", ""sha256:60936afcc1962b3f09c405897c949eb586c262d02fdcd5e316511733012058eb"", ""sha256:bbe8d18d5b70456fdfe6a7141f2da0e1b2ee5866d814c1fecf09b786ec310e45"", ""sha256:1f83e50639e251e30a9d72aa512b92666a3d1238a9c34f9afe4b101057dae5cf"", ""sha256:b7918006e714a2f7fd504bdb6267415f25cec432dabd167cb9a5fbbedcfcc888"", ""sha256:61a6a86137f6a970ed09f81a01e7f1635fd9245a556be6e5987a840f7b605ece"", ""sha256:46b84f82f464a007e2db9a2072261bb78d01fa2116e2d0da5ae8bf4d5638b6b8"", ""sha256:cf130d2988d1fb9f249c865230b00afbe0e54cc31af3a7efc93a336c736927fa"", ""sha256:7b56655b78f8633b1c90334cbbb23d0fa2f500317ba3216a4a42986a6bc315c7"", ""sha256:2afc5ddf640c0aaa4cb4142cb7a0d46731c1d8f777997290321cee9e191449d9"", ""sha256:317b5401fbe6ef4544bf193a8a0f144c0359e680e7c6293ab7ff264d2a1b6be5"", ""sha256:87109107b65e3837910d65360fdbd0f86f569c832c94c35dc8f477db39c33cfc"", ""sha256:691fb329e31d5d498d01bf3693695a2b456bbc6e9ddef8f6c88f3894f5357caf"", ""sha256:04bb0255f0a10aaf9794d06b52cc4cbb45f4a45b8717df332bca22cd3741e8c0"", ""sha256:124b8847246c3b2b1035f38a9edfd8055b78a34b5829ea329db922848dfafc92"", ""sha256:38d839367e9e4abfd3e2ebb4ddc32a2f53e5a3bf74d9338be0c1059bb33efbb3"", ""sha256:291ee02009d2b24b65045254d61aae4e99f2cda9580bafac1a2e992e37dfdb66"", ""sha256:d4fdf2105a90e20788593ec0dd8922df5d294c1f446c1386216dfa613c20c65b"", ""sha256:794697f46a8915c60583241949d41513405204326be36bdfc6b384c092e548d4""], ""raw_asset_id"": ""sha256:e3eeefe33c9c7351788d22a96ca36d061230cd2dacadbf44ed6ef79035742bd8"", ""source_reference_id"": ""sha256:c37238976da80a6d94cfdac4177c453af617a627c1651f9bb071a20ad8ab2dfe"", ""source_role"": ""sec_submissions_inventory"", ""source_set_manifest_id"": ""sha256:b13514b4c9d37f67b616bff0f538812091476fbef1c8b72b39dd44350aec5b48"", ""source_set_role"": ""fy_8k_item_inventory""}, ""source_cells"": []}",count,2025-01-01,2025-12-31,,0,Normalized source-derived observation: Bankruptcy filings=0 unit=count accn=SUBMISSIONS-1048286 filed=,ordinary_native_source_projection,ordinary_projection_v1,marriott_international,run:ordinary-integrated:3f6b3452a6665ced964df0003c61bea9979a5e972cd71736bbde583ca337218c,sha256:c6d1db93d6de3daa1e6b3d7e48f00677837d7f8654d31014f3670ee79d0f59f7,issue_54_v1,sha256:d4ed95a95ff01c5cebb1905f27e3ced8a59f652226fcd9af957a439219c1e8f4,sha256:f4c231078c8742ef6265661bfa25422ef24ad89324e0010d3087777e1483f796,sha256:f4c231078c8742ef6265661bfa25422ef24ad89324e0010d3087777e1483f796,sha256:f4c231078c8742ef6265661bfa25422ef24ad89324e0010d3087777e1483f796,True,MATCHED,REPLAY_VERIFIED_CONTENT_NOT_ACCEPTED,CANDIDATE_READY,CANDIDATE_READY,False,PREEXISTING_SAVED_ACQUISITIONS_ONLY,,native/E02/5665d1fcac664487b5ca0b64d637ebdb
Marriott International,1048286,E03,https://www.sec.gov/Archives/edgar/data/1048286/000119312525009110/0001193125-25-009110.hdr.sgml,evidence/accession_materials/marriott_international_1048286_000119312525009110/0001193125-25-009110.hdr.sgml,0b7fcc3b211556d4e1426e93c53dc37170a505bdcc8ad1309de1fc9690b2e9f7,0001193125-25-009110,0001193125-25-009110.hdr.sgml,Item 5.02,"{""attributes"": {""accession"": ""0001193125-25-009110"", ""brief"": ""8-K item 5.02 parsed from hdr.sgml"", ""brief_source"": ""HDR_SGML_ITEM_CODE"", ""deterministic_router_semantic_version"": ""2"", ""event_key"": {""accession"": ""0001193125-25-009110"", ""item_code"": ""5.02"", ""source_url"": ""https://www.sec.gov/Archives/edgar/data/1048286/000119312525009110/0001193125-25-009110.hdr.sgml""}, ""event_key_hash"": ""sha256:ed9880e38ec54dccd80a9f7ce5a960600426598bc5b72f03ea815b9cc25c5bab"", ""hdr_source_reference_id"": ""sha256:36c617d02d818b4902d5acf94a0d1d04d4efd5d3400922c92295f8bbf0c17094"", ""item_code"": ""5.02"", ""primary_heading_brief"": ""accounting standards provided pursuant to Section 13(a) of the Exchange Act. ☐ Item 5.02. Departure of Directors or Certain Officers; Election of Directors; Appointment of Certain Officers; Compensatory Arrangements of Certain Officers. On January 17, 2025, the Board of Directors (the “Board”) of Marriott I"", ""primary_source_reference_id"": ""sha256:fad6b06c485aa6415e0dfdfb312d09e774c0d42951288db4d0bbe035c62c52bb"", ""source_url"": ""https://www.sec.gov/Archives/edgar/data/1048286/000119312525009110/0001193125-25-009110.hdr.sgml""}, ""locator"": {""brief_source"": ""HDR_SGML_ITEM_CODE"", ""item_code"": ""5.02""}, ""verified_claim_id"": ""sha256:298484a847e3d30a1f1f04475b7a90c7c3167ce6b7cac2e14c2350059550c5de""}",count,2025-01-01,2025-12-31,,1,"Parsed source fact: {""locator"": {""brief_source"": ""HDR_SGML_ITEM_CODE"", ""item_code"": ""5.02""}, ""unit"": ""text"", ""value"": ""8-K item 5.02 parsed from hdr.sgml""}",ordinary_native_source_projection,ordinary_projection_v1,marriott_international,run:ordinary-integrated:49fb0dbe8853f30060883f15d50d7b5c109664bb1d421f2163588b585a2a322e,sha256:194c54dd2b71af9c94019b454a3f4a4cce97e440ea0ba7e71934171a9e1c00fc,issue_54_v1,sha256:d4ed95a95ff01c5cebb1905f27e3ced8a59f652226fcd9af957a439219c1e8f4,sha256:f4c231078c8742ef6265661bfa25422ef24ad89324e0010d3087777e1483f796,sha256:f4c231078c8742ef6265661bfa25422ef24ad89324e0010d3087777e1483f796,sha256:f4c231078c8742ef6265661bfa25422ef24ad89324e0010d3087777e1483f796,True,MATCHED,REPLAY_VERIFIED_CONTENT_NOT_ACCEPTED,CANDIDATE_READY,CANDIDATE_READY,False,PREEXISTING_SAVED_ACQUISITIONS_ONLY,,native/E03/a333208d92d747cda0482e2894d62af7
Marriott International,1048286,E03,https://www.sec.gov/Archives/edgar/data/1048286/000119312525118861/0001193125-25-118861.hdr.sgml,evidence/accession_materials/marriott_international_1048286_000119312525118861/0001193125-25-118861.hdr.sgml,dceca997691cdbc0425a03c514b044a38d87b93062797c344b7e5dd45dd78602,0001193125-25-118861,0001193125-25-118861.hdr.sgml,Item 5.02,"{""attributes"": {""accession"": ""0001193125-25-118861"", ""brief"": ""8-K item 5.02 parsed from hdr.sgml"", ""brief_source"": ""HDR_SGML_ITEM_CODE"", ""deterministic_router_semantic_version"": ""2"", ""event_key"": {""accession"": ""0001193125-25-118861"", ""item_code"": ""5.02"", ""source_url"": ""https://www.sec.gov/Archives/edgar/data/1048286/000119312525118861/0001193125-25-118861.hdr.sgml""}, ""event_key_hash"": ""sha256:0751e7d536fe8c72bc7f85612089263b810b70e31ea72c554bfd7ce385cc2b57"", ""hdr_source_reference_id"": ""sha256:2afc5ddf640c0aaa4cb4142cb7a0d46731c1d8f777997290321cee9e191449d9"", ""item_code"": ""5.02"", ""primary_heading_brief"": ""accounting standards provided pursuant to Section 13(a) of the Exchange Act. ☐ Item 5.02. Departure of Directors or Certain Officers; Election of Directors; Appointment of Certain Officers; Compensatory Arrangements of Certain Officers. Marriott International, Inc. (the “Company”) filed a Current Report on"", ""primary_source_reference_id"": ""sha256:317b5401fbe6ef4544bf193a8a0f144c0359e680e7c6293ab7ff264d2a1b6be5"", ""source_url"": ""https://www.sec.gov/Archives/edgar/data/1048286/000119312525118861/0001193125-25-118861.hdr.sgml""}, ""locator"": {""brief_source"": ""HDR_SGML_ITEM_CODE"", ""item_code"": ""5.02""}, ""verified_claim_id"": ""sha256:6ae0e5d4dd6981ed98ed917dcacd19752794178f9d94430ebd9d46b75975ef35""}",count,2025-01-01,2025-12-31,,1,"Parsed source fact: {""locator"": {""brief_source"": ""HDR_SGML_ITEM_CODE"", ""item_code"": ""5.02""}, ""unit"": ""text"", ""value"": ""8-K item 5.02 parsed from hdr.sgml""}",ordinary_native_source_projection,ordinary_projection_v1,marriott_international,run:ordinary-integrated:49fb0dbe8853f30060883f15d50d7b5c109664bb1d421f2163588b585a2a322e,sha256:194c54dd2b71af9c94019b454a3f4a4cce97e440ea0ba7e71934171a9e1c00fc,issue_54_v1,sha256:d4ed95a95ff01c5cebb1905f27e3ced8a59f652226fcd9af957a439219c1e8f4,sha256:f4c231078c8742ef6265661bfa25422ef24ad89324e0010d3087777e1483f796,sha256:f4c231078c8742ef6265661bfa25422ef24ad89324e0010d3087777e1483f796,sha256:f4c231078c8742ef6265661bfa25422ef24ad89324e0010d3087777e1483f796,True,MATCHED,REPLAY_VERIFIED_CONTENT_NOT_ACCEPTED,CANDIDATE_READY,CANDIDATE_READY,False,PREEXISTING_SAVED_ACQUISITIONS_ONLY,,native/E03/a333208d92d747cda0482e2894d62af7
Marriott International,1048286,E03,https://www.sec.gov/Archives/edgar/data/1048286/000119312525158742/0001193125-25-158742.hdr.sgml,evidence/accession_materials/marriott_international_1048286_000119312525158742/0001193125-25-158742.hdr.sgml,12606dfc17776def4d014b710c69365107ba57352ff38843233a631bba6bef4e,0001193125-25-158742,0001193125-25-158742.hdr.sgml,Item 5.02,"{""attributes"": {""accession"": ""0001193125-25-158742"", ""brief"": ""8-K item 5.02 parsed from hdr.sgml"", ""brief_source"": ""HDR_SGML_ITEM_CODE"", ""deterministic_router_semantic_version"": ""2"", ""event_key"": {""accession"": ""0001193125-25-158742"", ""item_code"": ""5.02"", ""source_url"": ""https://www.sec.gov/Archives/edgar/data/1048286/000119312525158742/0001193125-25-158742.hdr.sgml""}, ""event_key_hash"": ""sha256:241d743805871a434fb26a1123bf1af2bec6fcc650d887738ad95006a5acfaf3"", ""hdr_source_reference_id"": ""sha256:87109107b65e3837910d65360fdbd0f86f569c832c94c35dc8f477db39c33cfc"", ""item_code"": ""5.02"", ""primary_heading_brief"": ""l accounting standards provided pursuant to Section 13(a) of the Exchange Act ☐ Item 5.02. Departure of Directors or Certain Officers; Election of Directors; Appointment of Certain Officers; Compensatory Arrangements of Certain Officers. On July 11, 2025, Kathleen K. Oberg, Chief Financial Officer and Execut"", ""primary_source_reference_id"": ""sha256:691fb329e31d5d498d01bf3693695a2b456bbc6e9ddef8f6c88f3894f5357caf"", ""source_url"": ""https://www.sec.gov/Archives/edgar/data/1048286/000119312525158742/0001193125-25-158742.hdr.sgml""}, ""locator"": {""brief_source"": ""HDR_SGML_ITEM_CODE"", ""item_code"": ""5.02""}, ""verified_claim_id"": ""sha256:17e543c70feb68c010ec513a32726fd39fcecca75626a343516ec8b2382dac21""}",count,2025-01-01,2025-12-31,,1,"Parsed source fact: {""locator"": {""brief_source"": ""HDR_SGML_ITEM_CODE"", ""item_code"": ""5.02""}, ""unit"": ""text"", ""value"": ""8-K item 5.02 parsed from hdr.sgml""}",ordinary_native_source_projection,ordinary_projection_v1,marriott_international,run:ordinary-integrated:49fb0dbe8853f30060883f15d50d7b5c109664bb1d421f2163588b585a2a322e,sha256:194c54dd2b71af9c94019b454a3f4a4cce97e440ea0ba7e71934171a9e1c00fc,issue_54_v1,sha256:d4ed95a95ff01c5cebb1905f27e3ced8a59f652226fcd9af957a439219c1e8f4,sha256:f4c231078c8742ef6265661bfa25422ef24ad89324e0010d3087777e1483f796,sha256:f4c231078c8742ef6265661bfa25422ef24ad89324e0010d3087777e1483f796,sha256:f4c231078c8742ef6265661bfa25422ef24ad89324e0010d3087777e1483f796,True,MATCHED,REPLAY_VERIFIED_CONTENT_NOT_ACCEPTED,CANDIDATE_READY,CANDIDATE_READY,False,PREEXISTING_SAVED_ACQUISITIONS_ONLY,,native/E03/a333208d92d747cda0482e2894d62af7
Marriott International,1048286,E04,https://data.sec.gov/submissions/CIK0001048286.json,evidence/request_attempts/e3/e3eeefe33c9c7351788d22a96ca36d061230cd2dacadbf44ed6ef79035742bd8/CIK0001048286.json,e3eeefe33c9c7351788d22a96ca36d061230cd2dacadbf44ed6ef79035742bd8,SUBMISSIONS-1048286,CIK0001048286.json,Financial restatements,"{""source_binding"": {""accession"": ""SUBMISSIONS-1048286"", ""document_name"": ""CIK0001048286.json"", ""matched_verified_claim_ids"": [], ""ordered_source_reference_ids"": [""sha256:36c617d02d818b4902d5acf94a0d1d04d4efd5d3400922c92295f8bbf0c17094"", ""sha256:fad6b06c485aa6415e0dfdfb312d09e774c0d42951288db4d0bbe035c62c52bb"", ""sha256:60936afcc1962b3f09c405897c949eb586c262d02fdcd5e316511733012058eb"", ""sha256:bbe8d18d5b70456fdfe6a7141f2da0e1b2ee5866d814c1fecf09b786ec310e45"", ""sha256:1f83e50639e251e30a9d72aa512b92666a3d1238a9c34f9afe4b101057dae5cf"", ""sha256:b7918006e714a2f7fd504bdb6267415f25cec432dabd167cb9a5fbbedcfcc888"", ""sha256:61a6a86137f6a970ed09f81a01e7f1635fd9245a556be6e5987a840f7b605ece"", ""sha256:46b84f82f464a007e2db9a2072261bb78d01fa2116e2d0da5ae8bf4d5638b6b8"", ""sha256:cf130d2988d1fb9f249c865230b00afbe0e54cc31af3a7efc93a336c736927fa"", ""sha256:7b56655b78f8633b1c90334cbbb23d0fa2f500317ba3216a4a42986a6bc315c7"", ""sha256:2afc5ddf640c0aaa4cb4142cb7a0d46731c1d8f777997290321cee9e191449d9"", ""sha256:317b5401fbe6ef4544bf193a8a0f144c0359e680e7c6293ab7ff264d2a1b6be5"", ""sha256:87109107b65e3837910d65360fdbd0f86f569c832c94c35dc8f477db39c33cfc"", ""sha256:691fb329e31d5d498d01bf3693695a2b456bbc6e9ddef8f6c88f3894f5357caf"", ""sha256:04bb0255f0a10aaf9794d06b52cc4cbb45f4a45b8717df332bca22cd3741e8c0"", ""sha256:124b8847246c3b2b1035f38a9edfd8055b78a34b5829ea329db922848dfafc92"", ""sha256:38d839367e9e4abfd3e2ebb4ddc32a2f53e5a3bf74d9338be0c1059bb33efbb3"", ""sha256:291ee02009d2b24b65045254d61aae4e99f2cda9580bafac1a2e992e37dfdb66"", ""sha256:d4fdf2105a90e20788593ec0dd8922df5d294c1f446c1386216dfa613c20c65b"", ""sha256:794697f46a8915c60583241949d41513405204326be36bdfc6b384c092e548d4""], ""raw_asset_id"": ""sha256:e3eeefe33c9c7351788d22a96ca36d061230cd2dacadbf44ed6ef79035742bd8"", ""source_reference_id"": ""sha256:c37238976da80a6d94cfdac4177c453af617a627c1651f9bb071a20ad8ab2dfe"", ""source_role"": ""sec_submissions_inventory"", ""source_set_manifest_id"": ""sha256:b13514b4c9d37f67b616bff0f538812091476fbef1c8b72b39dd44350aec5b48"", ""source_set_role"": ""fy_8k_item_inventory""}, ""source_cells"": []}",count,2025-01-01,2025-12-31,,0,Normalized source-derived observation: Financial restatements=0 unit=count accn=SUBMISSIONS-1048286 filed=,ordinary_native_source_projection,ordinary_projection_v1,marriott_international,run:ordinary-integrated:cfd9f7c57075847bdd3a12eb51505f870939228d44e3d585e76366c83f6f68d2,sha256:7d9fa3c8ac95b52aee2d9661961c45891240fdc69a233edbcdb061b106dd3e5d,issue_54_v1,sha256:d4ed95a95ff01c5cebb1905f27e3ced8a59f652226fcd9af957a439219c1e8f4,sha256:f4c231078c8742ef6265661bfa25422ef24ad89324e0010d3087777e1483f796,sha256:f4c231078c8742ef6265661bfa25422ef24ad89324e0010d3087777e1483f796,sha256:f4c231078c8742ef6265661bfa25422ef24ad89324e0010d3087777e1483f796,True,MATCHED,REPLAY_VERIFIED_CONTENT_NOT_ACCEPTED,CANDIDATE_READY,CANDIDATE_READY,False,PREEXISTING_SAVED_ACQUISITIONS_ONLY,,native/E04/f4bed11a683844efb18a6cea9c113c1d
Marriott International,1048286,E05,https://data.sec.gov/submissions/CIK0001048286.json,evidence/request_attempts/e3/e3eeefe33c9c7351788d22a96ca36d061230cd2dacadbf44ed6ef79035742bd8/CIK0001048286.json,e3eeefe33c9c7351788d22a96ca36d061230cd2dacadbf44ed6ef79035742bd8,SUBMISSIONS-1048286,CIK0001048286.json,Material agreements,"{""source_binding"": {""accession"": ""SUBMISSIONS-1048286"", ""document_name"": ""CIK0001048286.json"", ""matched_verified_claim_ids"": [], ""ordered_source_reference_ids"": [""sha256:36c617d02d818b4902d5acf94a0d1d04d4efd5d3400922c92295f8bbf0c17094"", ""sha256:fad6b06c485aa6415e0dfdfb312d09e774c0d42951288db4d0bbe035c62c52bb"", ""sha256:60936afcc1962b3f09c405897c949eb586c262d02fdcd5e316511733012058eb"", ""sha256:bbe8d18d5b70456fdfe6a7141f2da0e1b2ee5866d814c1fecf09b786ec310e45"", ""sha256:1f83e50639e251e30a9d72aa512b92666a3d1238a9c34f9afe4b101057dae5cf"", ""sha256:b7918006e714a2f7fd504bdb6267415f25cec432dabd167cb9a5fbbedcfcc888"", ""sha256:61a6a86137f6a970ed09f81a01e7f1635fd9245a556be6e5987a840f7b605ece"", ""sha256:46b84f82f464a007e2db9a2072261bb78d01fa2116e2d0da5ae8bf4d5638b6b8"", ""sha256:cf130d2988d1fb9f249c865230b00afbe0e54cc31af3a7efc93a336c736927fa"", ""sha256:7b56655b78f8633b1c90334cbbb23d0fa2f500317ba3216a4a42986a6bc315c7"", ""sha256:2afc5ddf640c0aaa4cb4142cb7a0d46731c1d8f777997290321cee9e191449d9"", ""sha256:317b5401fbe6ef4544bf193a8a0f144c0359e680e7c6293ab7ff264d2a1b6be5"", ""sha256:87109107b65e3837910d65360fdbd0f86f569c832c94c35dc8f477db39c33cfc"", ""sha256:691fb329e31d5d498d01bf3693695a2b456bbc6e9ddef8f6c88f3894f5357caf"", ""sha256:04bb0255f0a10aaf9794d06b52cc4cbb45f4a45b8717df332bca22cd3741e8c0"", ""sha256:124b8847246c3b2b1035f38a9edfd8055b78a34b5829ea329db922848dfafc92"", ""sha256:38d839367e9e4abfd3e2ebb4ddc32a2f53e5a3bf74d9338be0c1059bb33efbb3"", ""sha256:291ee02009d2b24b65045254d61aae4e99f2cda9580bafac1a2e992e37dfdb66"", ""sha256:d4fdf2105a90e20788593ec0dd8922df5d294c1f446c1386216dfa613c20c65b"", ""sha256:794697f46a8915c60583241949d41513405204326be36bdfc6b384c092e548d4""], ""raw_asset_id"": ""sha256:e3eeefe33c9c7351788d22a96ca36d061230cd2dacadbf44ed6ef79035742bd8"", ""source_reference_id"": ""sha256:c37238976da80a6d94cfdac4177c453af617a627c1651f9bb071a20ad8ab2dfe"", ""source_role"": ""sec_submissions_inventory"", ""source_set_manifest_id"": ""sha256:b13514b4c9d37f67b616bff0f538812091476fbef1c8b72b39dd44350aec5b48"", ""source_set_role"": ""fy_8k_item_inventory""}, ""source_cells"": []}",count,2025-01-01,2025-12-31,,0,Normalized source-derived observation: Material agreements=0 unit=count accn=SUBMISSIONS-1048286 filed=,ordinary_native_source_projection,ordinary_projection_v1,marriott_international,run:ordinary-integrated:5d0322b45050f897a7efc51e5dd8891f92ba4b98699c08574f9a307773b52f48,sha256:6a205f117a3b49cb89126cad1b9c7b6e719c926653601663561dba0e8981d554,issue_54_v1,sha256:d4ed95a95ff01c5cebb1905f27e3ced8a59f652226fcd9af957a439219c1e8f4,sha256:f4c231078c8742ef6265661bfa25422ef24ad89324e0010d3087777e1483f796,sha256:f4c231078c8742ef6265661bfa25422ef24ad89324e0010d3087777e1483f796,sha256:f4c231078c8742ef6265661bfa25422ef24ad89324e0010d3087777e1483f796,True,MATCHED,REPLAY_VERIFIED_CONTENT_NOT_ACCEPTED,CANDIDATE_READY,CANDIDATE_READY,False,PREEXISTING_SAVED_ACQUISITIONS_ONLY,,native/E05/092a0739ae4349b492038f4141064baa
